"","Code","LIBCOM","nb","zone","Libellé","Unités.légales..en.nombre..2021","Résidences.principales.2019","Part.des.non.diplômés.chez.les.20.24.ans.sortis.des.études..2018","Implantations.France.Services..IFS...en.nombre..2021"
"1","10081","La Chapelle-Saint-Luc",2750,"reg44","La Chapelle-Saint-Luc",754,5026,29.1,0
"2","10323","Romilly-sur-Seine",2196,"reg44","Romilly-sur-Seine",783,6692,25.7,0
"3","10387","Troyes",11762,"reg44","Troyes",4381,33064,18.5,0
"4","11069","Carcassonne",4743,"reg76","Carcassonne",4526,23143,18.9,0
"5","11262","Narbonne",6140,"reg76","Narbonne",5950,28363,19.8,1
"6","13001","Aix-en-Provence",12459,"reg93","Aix-en-Provence",21796,72838,16.1,0
"7","13004","Arles",5734,"reg93","Arles",5093,23804,21.6,0
"8","13005","Aubagne",5269,"reg93","Aubagne",5755,20291,16.9,0
"9","13028","La Ciotat",4037,"reg93","La Ciotat",4544,17855,12.4,1
"10","14047","Bayeux",2349,"reg28","Bayeux",1089,6706,15.6,0
"11","14118","Caen",15558,"reg28","Caen",9405,58989,15.8,4
"12","14327","Hérouville-Saint-Clair",4638,"reg28","Hérouville-Saint-Clair",1394,11046,16.9,0
"13","14366","Lisieux",4266,"reg28","Lisieux",1580,10592,22.9,0
"14","15014","Aurillac",3185,"reg84","Aurillac",2139,13948,16.5,1
"15","16216","Mérignac",6736,"reg75","Mérignac",62,325,23.2,0
"16","17160","Floirac",3056,"reg75","Floirac",29,181,16.7,0
"17","17229","Mérignac",6736,"reg75","Mérignac",11,96,25,0
"18","17299","Rochefort",2724,"reg75","Rochefort",2098,12634,20.5,1
"19","17300","La Rochelle",12954,"reg75","La Rochelle",9050,43340,17.3,0
"20","17415","Saintes",2487,"reg75","Saintes",2507,13668,20.2,0
"21","18033","Bourges",9911,"reg24","Bourges",4211,32685,18.7,0
"22","18279","Vierzon",2090,"reg24","Vierzon",1402,12239,31.3,1
"23","19031","Brive-la-Gaillarde",3744,"reg75","Brive-la-Gaillarde",4087,24025,17.2,1
"24","21054","Beaune",2520,"reg27","Beaune",2416,10376,16.9,0
"25","22278","Saint-Brieuc",4772,"reg53","Saint-Brieuc",3069,22554,20,2
"26","24322","Périgueux",3348,"reg75","Périgueux",2774,17069,16.6,0
"27","26281","Romans-sur-Isère",3493,"reg84","Romans-sur-Isère",2932,15896,24.9,0
"28","27229","Évreux",10167,"reg28","Évreux",3463,22186,26.5,2
"29","27284","Gisors",2026,"reg28","Gisors",880,5353,20.3,1
"30","27375","Louviers",3351,"reg28","Louviers",1206,8236,24.5,0
"31","27467","Pont-Audemer",2034,"reg28","Pont-Audemer",860,5099,20.5,0
"32","27681","Vernon",3499,"reg28","Vernon",1782,10481,20.8,1
"33","27701","Val-de-Reuil",3253,"reg28","Val-de-Reuil",681,4417,36.5,1
"34","28085","Chartres",6213,"reg24","Chartres",3450,19342,15.9,0
"35","28134","Dreux",4652,"reg24","Dreux",2017,12028,23.6,0
"36","28218","Lucé",4293,"reg24","Lucé",705,7693,23.4,0
"37","29019","Brest",15526,"reg53","Brest",7860,75403,13.2,4
"38","29232","Quimper",5603,"reg53","Quimper",5101,33556,15.2,1
"39","2A004","Ajaccio",4389,"reg94","Ajaccio",7557,30465,15.9,1
"40","2B033","Bastia",5141,"reg94","Bastia",4806,20486,18.1,0
"41","31395","Muret",2349,"reg76","Muret",2377,11041,22.6,0
"42","31555","Toulouse",46684,"reg76","Toulouse",51603,265634,11.9,1
"43","32013","Auch",2134,"reg76","Auch",2023,11741,18.2,0
"44","33039","Bègles",3753,"reg75","Bègles",2954,14195,15.8,0
"45","33063","Bordeaux",21300,"reg75","Bordeaux",39013,142171,11.7,1
"46","33069","Le Bouscat",2096,"reg75","Le Bouscat",2587,11718,15.5,0
"47","33119","Cenon",4236,"reg75","Cenon",2796,12028,19.4,0
"48","33162","Eysines",2689,"reg75","Eysines",2106,10943,12.3,1
"49","33167","Floirac",3056,"reg75","Floirac",1733,7715,24.9,1
"50","33192","Gradignan",2500,"reg75","Gradignan",1989,12080,18.7,0
"51","33243","Libourne",2167,"reg75","Libourne",2553,12296,23.9,0
"52","33249","Lormont",5023,"reg75","Lormont",2354,10123,19.7,0
"53","33281","Mérignac",6736,"reg75","Mérignac",7576,36189,10.7,0
"54","33318","Pessac",7012,"reg75","Pessac",4850,31192,10,1
"55","33449","Saint-Médard-en-Jalles",2425,"reg75","Saint-Médard-en-Jalles",2236,13623,10.9,0
"56","33522","Talence",4844,"reg75","Talence",3292,24646,12.8,0
"57","33550","Villenave-d'Ornon",3602,"reg75","Villenave-d'Ornon",2773,16962,11.9,0
"58","35115","Fougères",2944,"reg53","Fougères",1254,10740,18.3,1
"59","35238","Rennes",28824,"reg53","Rennes",18215,116337,11.8,2
"60","37122","Joué-lès-Tours",4540,"reg24","Joué-lès-Tours",1937,17714,18.3,1
"61","37233","Saint-Pierre-des-Corps",3256,"reg24","Saint-Pierre-des-Corps",910,7223,18.1,0
"62","37261","Tours",19928,"reg24","Tours",10673,75552,13,3
"63","38563","Voiron",2485,"reg84","Voiron",2302,10056,15.9,0
"64","39198","Dole",3305,"reg27","Dole",1827,12160,23.8,1
"65","39300","Lons-le-Saunier",2954,"reg27","Lons-le-Saunier",1667,9228,19.5,0
"66","40088","Dax",2094,"reg75","Dax",2296,11777,19.7,0
"67","41018","Blois",8502,"reg24","Blois",3312,22551,21.3,1
"68","41269","Vendôme",2639,"reg24","Vendôme",1089,7967,18.9,0
"69","42044","Le Chambon-Feugerolles",2256,"reg84","Le Chambon-Feugerolles",688,5102,25.6,0
"70","42095","Firminy",3115,"reg84","Firminy",1156,8120,26.5,0
"71","42186","Rive-de-Gier",2046,"reg84","Rive-de-Gier",902,6388,23.4,0
"72","42187","Roanne",4528,"reg84","Roanne",3116,18469,19.9,1
"73","42207","Saint-Chamond",5941,"reg84","Saint-Chamond",2221,15155,20.8,1
"74","42218","Saint-Étienne",19631,"reg84","Saint-Étienne",13841,85673,19.7,2
"75","44109","Nantes",36097,"reg52","Nantes",30611,166448,14.2,0
"76","44114","Orvault",2182,"reg52","Orvault",1954,11847,9.9,0
"77","44143","Rezé",3885,"reg52","Rezé",3217,19908,13.5,0
"78","44162","Saint-Herblain",5261,"reg52","Saint-Herblain",4675,22154,15.7,0
"79","44184","Saint-Nazaire",9578,"reg52","Saint-Nazaire",4596,35480,19.7,0
"80","45068","Châlette-sur-Loing",2118,"reg24","Châlette-sur-Loing",608,5380,24.6,0
"81","45147","Fleury-les-Aubrais",2547,"reg24","Fleury-les-Aubrais",1126,9155,18.4,0
"82","45208","Montargis",3295,"reg24","Montargis",1310,7853,31.4,1
"83","45234","Orléans",15410,"reg24","Orléans",8524,57733,18.6,0
"84","45284","Saint-Jean-de-Braye",2239,"reg24","Saint-Jean-de-Braye",1139,9252,14.6,0
"85","45285","Saint-Jean-de-la-Ruelle",2235,"reg24","Saint-Jean-de-la-Ruelle",818,6872,31,1
"86","47001","Agen",4475,"reg75","Agen",3098,17369,16.1,1
"87","49002","Allonnes",2426,"reg52","Allonnes",172,1256,22,0
"88","49007","Angers",26725,"reg52","Angers",10939,82588,16.5,0
"89","49099","Cholet",5063,"reg52","Cholet",3771,25643,18,0
"90","49328","Saumur",3382,"reg52","Saumur",2031,13339,23.1,0
"91","49353","Trélazé",2320,"reg52","Trélazé",897,6392,14.4,0
"92","51108","Châlons-en-Champagne",9668,"reg44","Châlons-en-Champagne",2287,21515,19.5,0
"93","51230","Épernay",3756,"reg44","Épernay",1545,11431,19.2,0
"94","51454","Reims",10820,"reg44","Reims",12828,92506,17.3,0
"95","53130","Laval",7106,"reg52","Laval",3780,25815,17.1,0
"96","56098","Lanester",2798,"reg53","Lanester",1196,10537,13.1,0
"97","56121","Lorient",8911,"reg53","Lorient",4905,32101,17.9,0
"98","56260","Vannes",6274,"reg53","Vannes",5602,29164,15.1,0
"99","59009","Villeneuve-d'Ascq",12157,"reg32","Villeneuve-d'Ascq",5229,26834,19,0
"100","59017","Armentières",2996,"reg32","Armentières",1383,11028,20.2,0
"101","59122","Cambrai",2972,"reg32","Cambrai",2467,15991,25.2,1
"102","59155","Coudekerque-Branche",2890,"reg32","Coudekerque-Branche",764,9228,15.4,0
"103","59172","Denain",2635,"reg32","Denain",1573,7709,39.9,0
"104","59178","Douai",7206,"reg32","Douai",2782,17773,25,2
"105","59183","Dunkerque",14230,"reg32","Dunkerque",4927,41394,21.2,0
"106","59491","Raismes",2018,"reg32","Raismes",479,5114,25.8,0
"107","59512","Roubaix",15268,"reg32","Roubaix",7992,37198,32.8,0
"108","59569","Sin-le-Noble",2294,"reg32","Sin-le-Noble",638,6536,27,0
"109","59599","Tourcoing",12302,"reg32","Tourcoing",6199,39956,22.5,0
"110","59606","Valenciennes",5805,"reg32","Valenciennes",3525,21862,24.3,0
"111","59650","Wattrelos",5474,"reg32","Wattrelos",1698,16736,26.3,0
"112","60057","Beauvais",10058,"reg32","Beauvais",3908,25579,28.8,0
"113","60159","Compiègne",7028,"reg32","Compiègne",3256,19813,23.1,0
"114","60175","Creil",7443,"reg32","Creil",2221,12901,32.4,0
"115","60414","Montataire",2258,"reg32","Montataire",673,5011,21.3,0
"116","60463","Nogent-sur-Oise",2900,"reg32","Nogent-sur-Oise",965,7853,24.6,1
"117","60471","Noyon",2172,"reg32","Noyon",823,5694,30.6,0
"118","61001","Alençon",5332,"reg28","Alençon",1744,13315,29,1
"119","61006","Argentan",3133,"reg28","Argentan",775,6697,28.5,1
"120","61169","Flers",2315,"reg28","Flers",836,7341,16.5,0
"121","62160","Boulogne-sur-Mer",7234,"reg32","Boulogne-sur-Mer",2524,20006,27.4,0
"122","63113","Clermont-Ferrand",21250,"reg84","Clermont-Ferrand",11639,79984,14.1,1
"123","64024","Anglet",2712,"reg75","Anglet",4990,20980,11.2,0
"124","64102","Bayonne",6274,"reg75","Bayonne",6101,28006,12.2,0
"125","64445","Pau",8463,"reg75","Pau",7158,42541,17.6,2
"126","66136","Perpignan",2232,"reg76","Perpignan",12454,58946,30.3,0
"127","69029","Bron",4630,"reg84","Bron",3084,18292,17.6,1
"128","69034","Caluire-et-Cuire",3625,"reg84","Caluire-et-Cuire",4317,20234,14.6,0
"129","69081","Écully",2244,"reg84","Écully",2055,7862,13.9,0
"130","69091","Givors",3450,"reg84","Givors",1312,8076,21.6,1
"131","69149","Oullins",2204,"reg84","Oullins",2162,12906,13.9,0
"132","69199","Saint-Fons",3737,"reg84","Saint-Fons",1437,7446,26.4,0
"133","69256","Vaulx-en-Velin",9719,"reg84","Vaulx-en-Velin",4580,18188,23.5,1
"134","69259","Vénissieux",12394,"reg84","Vénissieux",4817,26853,23.5,0
"135","69264","Villefranche-sur-Saône",5598,"reg84","Villefranche-sur-Saône",3542,16922,20.8,1
"136","69266","Villeurbanne",19507,"reg84","Villeurbanne",14993,75233,14.8,1
"137","69275","Décines-Charpieu",2764,"reg84","Décines-Charpieu",2638,12126,20.7,0
"138","69282","Meyzieu",2498,"reg84","Meyzieu",2635,13538,22.2,0
"139","69286","Rillieux-la-Pape",6261,"reg84","Rillieux-la-Pape",2570,11983,26.2,1
"140","69290","Saint-Priest",6110,"reg84","Saint-Priest",4408,19380,17.6,0
"141","71270","Mâcon",6643,"reg27","Mâcon",2906,16599,21.3,0
"142","71306","Montceau-les-Mines",3963,"reg27","Montceau-les-Mines",1093,9158,20.1,0
"143","72003","Allonnes",2426,"reg52","Allonnes",313,4697,27.7,0
"144","72181","Le Mans",20260,"reg52","Le Mans",9353,72307,17.7,1
"145","73008","Aix-les-Bains",2623,"reg84","Aix-les-Bains",3015,16041,12.4,0
"146","73011","Albertville",2756,"reg84","Albertville",1811,9416,15.5,0
"147","73065","Chambéry",7877,"reg84","Chambéry",5323,28179,16.8,0
"148","74010","Annecy",11901,"reg84","Annecy",14370,63622,14,0
"149","74012","Annemasse",4138,"reg84","Annemasse",3006,17309,16.8,0
"150","74281","Thonon-les-Bains",3434,"reg84","Thonon-les-Bains",3158,17004,17.2,0
"151","76057","Barentin",2221,"reg28","Barentin",520,5355,18.5,0
"152","76157","Canteleu",4027,"reg28","Canteleu",593,6398,29.7,0
"153","76217","Dieppe",5674,"reg28","Dieppe",1932,14848,22.8,0
"154","76231","Elbeuf",3500,"reg28","Elbeuf",1066,7818,24,0
"155","76259","Fécamp",2700,"reg28","Fécamp",940,9145,18.7,0
"156","76305","Gonfreville-l'Orcher",2119,"reg28","Gonfreville-l'Orcher",370,3826,25.5,1
"157","76322","Le Grand-Quevilly",8833,"reg28","Le Grand-Quevilly",935,12917,16,0
"158","76351","Le Havre",30303,"reg28","Le Havre",9063,81162,21.9,3
"159","76410","Maromme",2942,"reg28","Maromme",514,5317,22.5,0
"160","76451","Mont-Saint-Aignan",4021,"reg28","Mont-Saint-Aignan",1509,9720,12.4,0
"161","76484","Oissel",2017,"reg28","Oissel",466,4854,15.4,1
"162","76498","Le Petit-Quevilly",4268,"reg28","Le Petit-Quevilly",1335,10030,20.3,0
"163","76540","Rouen",15660,"reg28","Rouen",11856,64092,15.3,2
"164","76575","Saint-Étienne-du-Rouvray",5603,"reg28","Saint-Étienne-du-Rouvray",1339,11908,22.9,0
"165","76681","Sotteville-lès-Rouen",4514,"reg28","Sotteville-lès-Rouen",1628,13582,20.3,1
"166","77083","Champs-sur-Marne",3815,"IDF_DEP_77","Champs-sur-Marne",1914,10499,16.5,0
"167","77108","Chelles",4888,"IDF_DEP_77","Chelles",4150,22316,14.3,1
"168","77131","Coulommiers",2273,"IDF_DEP_77","Coulommiers",1183,6851,16.2,1
"169","77152","Dammarie-les-Lys",3403,"IDF_DEP_77","Dammarie-les-Lys",1291,9078,19.7,0
"170","77284","Meaux",9213,"IDF_DEP_77","Meaux",4346,22980,20.7,2
"171","77285","Le Mée-sur-Seine",3654,"IDF_DEP_77","Le Mée-sur-Seine",1031,7812,24.7,0
"172","77288","Melun",6869,"IDF_DEP_77","Melun",3546,17461,22.7,1
"173","77305","Montereau-Fault-Yonne",3693,"IDF_DEP_77","Montereau-Fault-Yonne",1370,7893,25,0
"174","77333","Nemours",2095,"IDF_DEP_77","Nemours",974,5664,20.2,1
"175","77337","Noisiel",2811,"IDF_DEP_77","Noisiel",1090,6165,18.7,0
"176","77373","Pontault-Combault",2848,"IDF_DEP_77","Pontault-Combault",2963,14533,16.7,0
"177","77445","Savigny-le-Temple",3093,"IDF_DEP_77","Savigny-le-Temple",1528,10278,19.2,0
"178","77468","Torcy",3346,"IDF_DEP_77","Torcy",1733,8980,14.2,0
"179","78005","Achères",4074,"IDF_DEP_78","Achères",1268,8905,15.4,0
"180","78123","Carrières-sous-Poissy",2292,"IDF_DEP_78","Carrières-sous-Poissy",974,6610,29,0
"181","78172","Conflans-Sainte-Honorine",2979,"IDF_DEP_78","Conflans-Sainte-Honorine",2738,14290,14.2,0
"182","78208","Élancourt",2479,"IDF_DEP_78","Élancourt",1593,10510,10.5,0
"183","78297","Guyancourt",6141,"IDF_DEP_78","Guyancourt",1899,11885,14.7,0
"184","78335","Limay",2351,"IDF_DEP_78","Limay",1031,6276,21,0
"185","78361","Mantes-la-Jolie",7086,"IDF_DEP_78","Mantes-la-Jolie",3287,17053,23.9,0
"186","78362","Mantes-la-Ville",3210,"IDF_DEP_78","Mantes-la-Ville",1201,8143,19.6,0
"187","78423","Montigny-le-Bretonneux",3624,"IDF_DEP_78","Montigny-le-Bretonneux",2860,14265,9.5,0
"188","78440","Les Mureaux",4781,"IDF_DEP_78","Les Mureaux",2229,11399,22.8,1
"189","78490","Plaisir",3145,"IDF_DEP_78","Plaisir",2133,12166,13.9,0
"190","78498","Poissy",5798,"IDF_DEP_78","Poissy",3071,16756,14.2,0
"191","78517","Rambouillet",2266,"IDF_DEP_78","Rambouillet",2220,12648,16,0
"192","78545","Saint-Cyr-l'École",2604,"IDF_DEP_78","Saint-Cyr-l'École",1134,8064,10.2,1
"193","78551","Saint-Germain-en-Laye",3455,"IDF_DEP_78","Saint-Germain-en-Laye",5159,19633,10.1,0
"194","78586","Sartrouville",5418,"IDF_DEP_78","Sartrouville",4325,21160,16.1,1
"195","78621","Trappes",6845,"IDF_DEP_78","Trappes",2526,11529,21.1,1
"196","78646","Versailles",7292,"IDF_DEP_78","Versailles",10437,37411,7.9,0
"197","79191","Niort",6109,"reg75","Niort",4145,30709,18.4,1
"198","80021","Amiens",10373,"reg32","Amiens",8535,66908,20.9,3
"199","81004","Albi",4083,"reg76","Albi",4418,26005,18.9,1
"200","81065","Castres",3223,"reg76","Castres",3241,20451,19.7,0
"201","84007","Avignon",13990,"reg93","Avignon",11273,43331,19.3,0
"202","84031","Carpentras",2205,"reg93","Carpentras",3036,13136,26.4,1
"203","84035","Cavaillon",2466,"reg93","Cavaillon",2701,11966,20.7,0
"204","84087","Orange",2678,"reg93","Orange",2750,12917,22,0
"205","85191","La Roche-sur-Yon",6531,"reg52","La Roche-sur-Yon",4054,27972,16.8,0
"206","89387","Sens",4524,"reg27","Sens",2057,13175,30,0
"207","90010","Belfort",9141,"reg27","Belfort",3113,23754,21,0
"208","91027","Athis-Mons",4189,"IDF_DEP_91","Athis-Mons",2602,14090,14.3,1
"209","91103","Brétigny-sur-Orge",3250,"IDF_DEP_91","Brétigny-sur-Orge",1650,10970,13.5,0
"210","91174","Corbeil-Essonnes",6257,"IDF_DEP_91","Corbeil-Essonnes",3926,20729,17.8,1
"211","91201","Draveil",3210,"IDF_DEP_91","Draveil",2039,11597,14.1,0
"212","91223","Étampes",2396,"IDF_DEP_91","Étampes",1758,10349,26.5,1
"213","91272","Gif-sur-Yvette",2051,"IDF_DEP_91","Gif-sur-Yvette",1489,9049,12.2,1
"214","91286","Grigny",3992,"IDF_DEP_91","Grigny",1979,9209,24.5,0
"215","91345","Longjumeau",2589,"IDF_DEP_91","Longjumeau",1678,8706,17.6,0
"216","92002","Antony",5676,"IDF_DEP_92","Antony",5262,27320,11.2,1
"217","92004","Asnières-sur-Seine",8905,"IDF_DEP_92","Asnières-sur-Seine",9829,38454,13,0
"218","92007","Bagneux",10732,"IDF_DEP_92","Bagneux",3053,17148,14.1,0
"219","92009","Bois-Colombes",2290,"IDF_DEP_92","Bois-Colombes",2687,12976,10.5,0
"220","92012","Boulogne-Billancourt",8656,"IDF_DEP_92","Boulogne-Billancourt",20394,59478,9.4,0
"221","92019","Châtenay-Malabry",6282,"IDF_DEP_92","Châtenay-Malabry",2287,14616,17.5,0
"222","92020","Châtillon",3949,"IDF_DEP_92","Châtillon",2962,16542,14.7,0
"223","92022","Chaville",2301,"IDF_DEP_92","Chaville",1532,9085,9.7,1
"224","92023","Clamart",6682,"IDF_DEP_92","Clamart",4898,22394,15.1,0
"225","92024","Clichy",9970,"IDF_DEP_92","Clichy",7682,28830,15.3,0
"226","92025","Colombes",11700,"IDF_DEP_92","Colombes",7769,35321,17.8,2
"227","92026","Courbevoie",9535,"IDF_DEP_92","Courbevoie",11279,39170,10.1,0
"228","92032","Fontenay-aux-Roses",4237,"IDF_DEP_92","Fontenay-aux-Roses",1596,11030,15.9,0
"229","92036","Gennevilliers",11928,"IDF_DEP_92","Gennevilliers",4215,19241,21.9,0
"230","92040","Issy-les-Moulineaux",7833,"IDF_DEP_92","Issy-les-Moulineaux",7637,31835,10.8,0
"231","92044","Levallois-Perret",5918,"IDF_DEP_92","Levallois-Perret",10957,31822,8.5,0
"232","92046","Malakoff",5716,"IDF_DEP_92","Malakoff",3053,14649,15.5,0
"233","92048","Meudon",5084,"IDF_DEP_92","Meudon",4258,19720,11.3,0
"234","92049","Montrouge",5201,"IDF_DEP_92","Montrouge",5406,24317,7.3,0
"235","92050","Nanterre",20880,"IDF_DEP_92","Nanterre",9101,38575,17.8,0
"236","92060","Le Plessis-Robinson",4178,"IDF_DEP_92","Le Plessis-Robinson",1899,13271,16.8,0
"237","92062","Puteaux",6535,"IDF_DEP_92","Puteaux",7104,21131,9.6,0
"238","92063","Rueil-Malmaison",8040,"IDF_DEP_92","Rueil-Malmaison",8227,33603,13.1,0
"239","92064","Saint-Cloud",2121,"IDF_DEP_92","Saint-Cloud",3798,12825,10.8,0
"240","92072","Sèvres",2378,"IDF_DEP_92","Sèvres",2539,10070,15.5,0
"241","92073","Suresnes",7686,"IDF_DEP_92","Suresnes",5338,21933,14,0
"242","92075","Vanves",3087,"IDF_DEP_92","Vanves",2386,13291,11.1,0
"243","92078","Villeneuve-la-Garenne",5006,"IDF_DEP_92","Villeneuve-la-Garenne",2003,9169,20.9,1
"244","93001","Aubervilliers",12389,"IDF_DEP_93","Aubervilliers",12201,33433,29.2,0
"245","93005","Aulnay-sous-Bois",9705,"IDF_DEP_93","Aulnay-sous-Bois",6914,30419,22.8,0
"246","93006","Bagnolet",6843,"IDF_DEP_93","Bagnolet",5154,14981,17.9,1
"247","93007","Le Blanc-Mesnil",7890,"IDF_DEP_93","Le Blanc-Mesnil",4185,20276,26.7,0
"248","93008","Bobigny",10165,"IDF_DEP_93","Bobigny",6342,19232,31,0
"249","93010","Bondy",9390,"IDF_DEP_93","Bondy",4100,20268,27.7,1
"250","93014","Clichy-sous-Bois",3323,"IDF_DEP_93","Clichy-sous-Bois",2478,8998,31,0
"251","93027","La Courneuve",7763,"IDF_DEP_93","La Courneuve",4426,15662,33.9,0
"252","93029","Drancy",8410,"IDF_DEP_93","Drancy",7208,28040,24,1
"253","93030","Dugny",2865,"IDF_DEP_93","Dugny",533,4060,23.5,0
"254","93031","Épinay-sur-Seine",6560,"IDF_DEP_93","Épinay-sur-Seine",4853,20456,18.3,0
"255","93032","Gagny",3490,"IDF_DEP_93","Gagny",2830,15494,22.1,1
"256","93045","Les Lilas",3188,"IDF_DEP_93","Les Lilas",2485,10868,14,0
"257","94002","Alfortville",8363,"IDF_DEP_94","Alfortville",4376,20682,17,0
"258","94003","Arcueil",4367,"IDF_DEP_94","Arcueil",1940,10036,16.5,0
"259","94004","Boissy-Saint-Léger",2249,"IDF_DEP_94","Boissy-Saint-Léger",1430,6627,24,1
"260","94011","Bonneuil-sur-Marne",4234,"IDF_DEP_94","Bonneuil-sur-Marne",1409,7115,24.9,1
"261","94016","Cachan",4887,"IDF_DEP_94","Cachan",2222,13565,12.4,0
"262","94017","Champigny-sur-Marne",12283,"IDF_DEP_94","Champigny-sur-Marne",6395,30530,18.7,1
"263","94018","Charenton-le-Pont",3907,"IDF_DEP_94","Charenton-le-Pont",3474,14071,8.7,0
"264","94021","Chevilly-Larue",3035,"IDF_DEP_94","Chevilly-Larue",1746,7875,15.2,0
"265","94022","Choisy-le-Roi",6638,"IDF_DEP_94","Choisy-le-Roi",3710,19487,15.6,0
"266","94028","Créteil",14625,"IDF_DEP_94","Créteil",7387,38463,17.8,0
"267","94033","Fontenay-sous-Bois",7361,"IDF_DEP_94","Fontenay-sous-Bois",5050,21764,19.8,0
"268","94034","Fresnes",3342,"IDF_DEP_94","Fresnes",1632,11138,21.2,0
"269","94037","Gentilly",4559,"IDF_DEP_94","Gentilly",1583,8996,17.6,0
"270","94038","L'Haÿ-les-Roses",3274,"IDF_DEP_94","L'Haÿ-les-Roses",1979,13050,14.9,0
"271","94041","Ivry-sur-Seine",11471,"IDF_DEP_94","Ivry-sur-Seine",6496,28845,19.4,0
"272","94042","Joinville-le-Pont",2187,"IDF_DEP_94","Joinville-le-Pont",1849,8858,11,0
"273","94043","Le Kremlin-Bicêtre",4499,"IDF_DEP_94","Le Kremlin-Bicêtre",2251,11514,14,0
"274","94044","Limeil-Brévannes",3127,"IDF_DEP_94","Limeil-Brévannes",1694,10367,14.9,0
"275","94046","Maisons-Alfort",6601,"IDF_DEP_94","Maisons-Alfort",4884,25984,9.7,0
"276","94054","Orly",5105,"IDF_DEP_94","Orly",1740,9415,16.4,0
"277","94068","Saint-Maur-des-Fossés",2821,"IDF_DEP_94","Saint-Maur-des-Fossés",9257,34177,12.9,0
"278","94073","Thiais",2407,"IDF_DEP_94","Thiais",2351,12990,11.7,0
"279","94074","Valenton",3361,"IDF_DEP_94","Valenton",1046,5315,23.7,0
"280","94076","Villejuif",9435,"IDF_DEP_94","Villejuif",4221,24791,13.4,0
"281","94078","Villeneuve-Saint-Georges",4783,"IDF_DEP_94","Villeneuve-Saint-Georges",2549,12689,25.4,1
"282","94079","Villiers-sur-Marne",3439,"IDF_DEP_94","Villiers-sur-Marne",2126,12255,9.5,1
"283","94080","Vincennes",2632,"IDF_DEP_94","Vincennes",6462,24970,7.7,0
"284","94081","Vitry-sur-Seine",13573,"IDF_DEP_94","Vitry-sur-Seine",7508,37891,17.1,0
"285","95018","Argenteuil",14168,"IDF_DEP_95","Argenteuil",10449,41703,21.7,0
"286","95063","Bezons",4779,"IDF_DEP_95","Bezons",2746,12175,16.1,0
"287","95127","Cergy",11208,"IDF_DEP_95","Cergy",5548,26577,19.1,1
"288","95203","Eaubonne",2069,"IDF_DEP_95","Eaubonne",2065,10322,14.8,0
"289","95218","Éragny",2028,"IDF_DEP_95","Éragny",1261,7061,14.3,0
"290","95219","Ermont",4151,"IDF_DEP_95","Ermont",1911,12482,15,1
"291","95252","Franconville",3070,"IDF_DEP_95","Franconville",2365,15574,16.8,0
"292","95268","Garges-lès-Gonesse",6323,"IDF_DEP_95","Garges-lès-Gonesse",3411,13979,23.8,2
"293","95277","Gonesse",4287,"IDF_DEP_95","Gonesse",2357,9618,19.5,0
"294","95280","Goussainville",2882,"IDF_DEP_95","Goussainville",2622,10323,23.1,1
"295","95424","Montigny-lès-Cormeilles",2457,"IDF_DEP_95","Montigny-lès-Cormeilles",1579,7299,16.8,0
"296","95487","Persan",2036,"IDF_DEP_95","Persan",825,5037,24.4,0
"297","95500","Pontoise",4908,"IDF_DEP_95","Pontoise",3280,13683,18.9,0
"298","95555","Saint-Gratien",2478,"IDF_DEP_95","Saint-Gratien",1658,8850,14.2,0
"299","95572","Saint-Ouen-l'Aumône",3062,"IDF_DEP_95","Saint-Ouen-l'Aumône",2676,9914,18.8,0
"300","95582","Sannois",2761,"IDF_DEP_95","Sannois",2329,10541,16.5,0
"301","95585","Sarcelles",10641,"IDF_DEP_95","Sarcelles",6453,19182,26.2,0
"302","95680","Villiers-le-Bel",5140,"IDF_DEP_95","Villiers-le-Bel",2086,9645,28.6,0
