"","IdINSPIRE","Id_carr1km","I_est_cr","Id_carr_n","Groupe","Depcom","I_pauv","Id_car2010","Ind","Men","Men_pauv","Men_1ind","Men_5ind","Men_prop","Men_fmp","Ind_snv","Men_surf","Men_coll","Men_mais","Log_av45","Log_45_70","Log_70_90","Log_ap90","Log_inc","Log_soc","Ind_0_3","Ind_4_5","Ind_6_10","Ind_11_17","Ind_18_24","Ind_25_39","Ind_40_54","Ind_55_64","Ind_65_79","Ind_80p","Ind_inc","I_est_1km","code_insee","nom","nuts2","wikipedia","surf_km2"
"55708","CRS3035RES200mN2892800E3771800","CRS3035RES1000mN2892000E3771000",0,"CRS3035RES200mN2892800E3771800",866428,"93057",0,"CRS3035RES200mN2892800E3771800",125,49,5,14,4,39,2,3057120,3584,13,36,33,7,5,4,0,0,7,4,7,8,9,30,23,15,11,9,2,0,"11","Île-de-France","FR10","fr:Île-de-France",12069
"55715","CRS3035RES200mN2892800E3770600","CRS3035RES1000mN2892000E3770000",0,"CRS3035RES1000mN2892000E3770000",866396,"93010",0,"CRS3035RES200mN2892800E3770600",425.5,178,27,59,19,141,17,9996130.5,11994,107,71,70,7,6,95,0,0,20,9.5,22.5,36.5,27,84,101,66,34,14,11,0,"11","Île-de-France","FR10","fr:Île-de-France",12069
"55725","CRS3035RES200mN2892800E3771400","CRS3035RES1000mN2892000E3771000",0,"CRS3035RES200mN2892800E3771400",866443,"93010",0,"CRS3035RES200mN2892800E3771400",454,142,22,23,25,118,15,9921033.5,11172,9,133,48,13,13,68,0,8,32.5,13,33,51.5,32,86,95,58,31,11,11,0,"11","Île-de-France","FR10","fr:Île-de-France",12069
"55732","CRS3035RES200mN2892000E3770600","CRS3035RES1000mN2892000E3770000",0,"CRS3035RES1000mN2892000E3770000",866383,"93010",0,"CRS3035RES200mN2892000E3770600",82,29,1,4,2,27,3,2298221.7,2903,0,29,2,0,27,0,0,0,5,2,8,5,1,17,12,16,11,3,2,0,"11","Île-de-France","FR10","fr:Île-de-France",12069
"55752","CRS3035RES200mN2892400E3771600","CRS3035RES1000mN2892000E3771000",0,"CRS3035RES200mN2892400E3771600",866447,"93010",0,"CRS3035RES200mN2892400E3771600",460,167,32,43,22,113,14,9454700.3,10615,76,91,112,31,14,10,0,8,49,12,33,35,22,116,71,57,45,20,0,0,"11","Île-de-France","FR10","fr:Île-de-France",12069
"55753","CRS3035RES200mN2892800E3771200","CRS3035RES1000mN2892000E3771000",0,"CRS3035RES200mN2892800E3771200",866440,"93010",0,"CRS3035RES200mN2892800E3771200",451,135,33,36,32,69,13,7782760.2,8983,58,77,55,53,7,20,0,58,27,14,26,47,33,74,98,56,41,15,20,0,"11","Île-de-France","FR10","fr:Île-de-France",12069
"55758","CRS3035RES200mN2892800E3770400","CRS3035RES1000mN2892000E3770000",0,"CRS3035RES1000mN2892000E3770000",866400,"93010",0,"CRS3035RES200mN2892800E3770400",519.5,232,43,92,16,153,21,11144527.3,14253,162,70,103,15,53,61,0,1,30,13,31,35,23.5,135,93,62,58,34,5,0,"11","Île-de-France","FR10","fr:Île-de-France",12069
"55813","CRS3035RES200mN2892400E3770200","CRS3035RES1000mN2892000E3770000",0,"CRS3035RES1000mN2892000E3770000",866398,"93010",0,"CRS3035RES200mN2892400E3770200",453,188,23,62,13,113,13,9765573.4,11152,133,55,32,136,18,2,0,0,41,14,32,24,21,138,76,47,29,26,5,0,"11","Île-de-France","FR10","fr:Île-de-France",12069
"55825","CRS3035RES200mN2892800E3770200","CRS3035RES1000mN2892000E3770000",0,"CRS3035RES1000mN2892000E3770000",866402,"93010",0,"CRS3035RES200mN2892800E3770200",740,294,61,99,33,154,34,13821080.6,16882,246,48,82,24,11,177,0,41,42.5,28,51,48.5,45,199,139,89,62,28,8,0,"11","Île-de-France","FR10","fr:Île-de-France",12069
"55836","CRS3035RES200mN2892000E3771800","CRS3035RES1000mN2892000E3771000",0,"CRS3035RES200mN2892000E3771800",866435,"93077",0,"CRS3035RES200mN2892000E3771800",233.5,72,11,11,14,55,10,5428795.9,6278,17,55,46,17,6,3,0,0,18,9,22.5,23,16,45,47,20,14,8,11,0,"11","Île-de-France","FR10","fr:Île-de-France",12069
"55837","CRS3035RES200mN2895200E3771400","CRS3035RES1000mN2895000E3771000",0,"CRS3035RES1000mN2895000E3771000",870075,"93005",0,"CRS3035RES200mN2895200E3771400",167.5,64,5,16,9,61,2,4090933.9,5540,0,64,9,43,7,5,0,0,7,3,14.5,13,5,30,25,24,29,15,2,0,"11","Île-de-France","FR10","fr:Île-de-France",12069
"55848","CRS3035RES200mN2892400E3770400","CRS3035RES1000mN2892000E3770000",0,"CRS3035RES1000mN2892000E3770000",866395,"93010",0,"CRS3035RES200mN2892400E3770400",464.5,166,22,36,23,140,20,10305916.9,11712,89,77,61,96,5,4,0,0,37.5,18,36.5,34.5,16,97,85,52,51,27,10,0,"11","Île-de-France","FR10","fr:Île-de-France",12069
"55851","CRS3035RES200mN2892800E3771000","CRS3035RES1000mN2892000E3771000",0,"CRS3035RES200mN2892800E3771000",866452,"93010",0,"CRS3035RES200mN2892800E3771000",1011.5,383,159,132,60,8,71,14174930.1,20535,374,9,5,356,1,21,0,374,52.5,37,88.5,123.5,62,182,224,104,98,19,21,0,"11","Île-de-France","FR10","fr:Île-de-France",12069
"55886","CRS3035RES200mN2892000E3770200","CRS3035RES1000mN2892000E3770000",1,"CRS3035RES1000mN2892000E3770000",866380,"93010",0,"CRS3035RES200mN2892000E3770200",58,17.2,1.8,5.4,6.3,16.3,0,1206819.4,1421.9,1.8,15.4,5.4,9.1,0,2.7,0,0,2.7,6.4,4.5,10,3.6,10.9,10.9,1.8,5.4,1.8,0,0,"11","Île-de-France","FR10","fr:Île-de-France",12069
"55924","CRS3035RES200mN2892000E3770400","CRS3035RES1000mN2892000E3770000",0,"CRS3035RES1000mN2892000E3770000",866382,"93010",0,"CRS3035RES200mN2892000E3770400",80,28,3,4,4,24,6,2059254,2433,0,28,12,5,9,2,0,0,5,2,5,10,3,14,19,9,9,3,1,0,"11","Île-de-France","FR10","fr:Île-de-France",12069
"55926","CRS3035RES200mN2892400E3771400","CRS3035RES1000mN2892000E3771000",0,"CRS3035RES200mN2892400E3771400",866449,"93010",0,"CRS3035RES200mN2892400E3771400",631.5,222,38,57,27,142,24,12886312.2,15028,125,97,80,8,11,123,0,48,65.5,25,45.5,61,25.5,163,126,54,48,11,7,0,"11","Île-de-France","FR10","fr:Île-de-France",12069
"55936","CRS3035RES200mN2892800E3771600","CRS3035RES1000mN2892000E3771000",0,"CRS3035RES200mN2892800E3771600",866436,"93057",0,"CRS3035RES200mN2892800E3771600",284.5,101,12,24,14,81,7,6588503.8,7864,15,86,74,18,6,3,0,0,17,8,18.5,29,17,35,68,45,25,12,10,0,"11","Île-de-France","FR10","fr:Île-de-France",12069
"55950","CRS3035RES200mN2895400E3771000","CRS3035RES1000mN2895000E3771000",0,"CRS3035RES1000mN2895000E3771000",870085,"93005",0,"CRS3035RES200mN2895400E3771000",244,81,14,14,14,67,9,5611808.7,7263,6,75,26,24,16,14,1,0,11.5,7,24.5,16,13,46,49,29,28,15,5,0,"11","Île-de-France","FR10","fr:Île-de-France",12069
"55953","CRS3035RES200mN2892000E3771600","CRS3035RES1000mN2892000E3771000",0,"CRS3035RES200mN2892000E3771600",866442,"93010",0,"CRS3035RES200mN2892000E3771600",361,139,21,46,14,92,15,7712408.8,9710,69,70,73,49,9,8,0,0,31,10,26.5,25.5,23,90,69,33,32,18,3,0,"11","Île-de-France","FR10","fr:Île-de-France",12069
"55966","CRS3035RES200mN2892400E3770000","CRS3035RES1000mN2892000E3770000",0,"CRS3035RES1000mN2892000E3770000",866384,"93010",0,"CRS3035RES200mN2892400E3770000",106,38,1,11,7,26,3,2524335.1,2948,8,30,15,7,7,9,0,0,6,2,8,9,3,22,19,15,9,8,5,0,"11","Île-de-France","FR10","fr:Île-de-France",12069
"55984","CRS3035RES200mN2892800E3772000","CRS3035RES1000mN2892000E3772000",0,"CRS3035RES200mN2892800E3772000",866530,"93077",0,"CRS3035RES200mN2892800E3772000",108,43,4,11,4,36,7,2776358,3563,7,36,29,13,0,1,0,0,6,4,5,4,5,28,15,19,12,6,4,0,"11","Île-de-France","FR10","fr:Île-de-France",12069
"55998","CRS3035RES200mN2892000E3771400","CRS3035RES1000mN2892000E3771000",0,"CRS3035RES200mN2892000E3771400",866434,"93010",0,"CRS3035RES200mN2892000E3771400",197,68,14,18,17,53,2,4174312.1,5134,9,59,46,11,5,6,0,0,5,4,24,23,9,32,41,27,11,18,3,0,"11","Île-de-France","FR10","fr:Île-de-France",12069
"56008","CRS3035RES200mN2892400E3770600","CRS3035RES1000mN2892000E3770000",0,"CRS3035RES1000mN2892000E3770000",866388,"93010",0,"CRS3035RES200mN2892400E3770600",216,69,11,15,14,62,2,4749579.3,5684,6,63,49,9,4,7,0,0,16,4,15,22,7,36,47,26,18,22,3,0,"11","Île-de-France","FR10","fr:Île-de-France",12069
"56009","CRS3035RES200mN2892400E3769800","CRS3035RES1000mN2892000E3769000",0,"CRS3035RES1000mN2892000E3769000",866337,"93053",0,"CRS3035RES200mN2892400E3769800",124,48,9,16,4,26,3,2523499,2723,26,22,31,14,1,2,0,0,6,3,9,9,5,34,22,21,11,3,1,0,"11","Île-de-France","FR10","fr:Île-de-France",12069
"56040","CRS3035RES200mN2893600E3771000","CRS3035RES1000mN2893000E3771000",0,"CRS3035RES1000mN2893000E3771000",866421,"93010",0,"CRS3035RES200mN2893600E3771000",394.5,150,40,56,23,4,27,6221134.4,7741,148,2,1,140,1,8,0,146,35,15,35.5,42,18,85,81,24,32,13,14,0,"11","Île-de-France","FR10","fr:Île-de-France",12069
"56047","CRS3035RES200mN2892400E3771200","CRS3035RES1000mN2892000E3771000",0,"CRS3035RES200mN2892400E3771200",866441,"93010",0,"CRS3035RES200mN2892400E3771200",532,139,31,13,46,124,9,10211018.8,11133,16,123,2,0,1,136,0,0,41,19,44,76,36,106,134,44,16,3,13,0,"11","Île-de-France","FR10","fr:Île-de-France",12069
"56071","CRS3035RES200mN2895400E3770800","CRS3035RES1000mN2895000E3770000",0,"CRS3035RES200mN2895400E3770800",870106,"93005",0,"CRS3035RES200mN2895400E3770800",232.5,80,9,14,12,67,9,5161573.7,6967,8,72,23,18,29,10,0,0,12,4,16,19.5,9,45,42,46,22,9,8,0,"11","Île-de-France","FR10","fr:Île-de-France",12069
"56089","CRS3035RES200mN2892400E3771000","CRS3035RES1000mN2892000E3771000",0,"CRS3035RES200mN2892400E3771000",866433,"93010",0,"CRS3035RES200mN2892400E3771000",262,67,6,7,23,64,6,5465312,5115,27,40,0,0,0,67,0,0,16,4,23,42,15,53,64,24,15,0,6,0,"11","Île-de-France","FR10","fr:Île-de-France",12069
"56093","CRS3035RES200mN2892800E3770000","CRS3035RES1000mN2892000E3770000",0,"CRS3035RES1000mN2892000E3770000",866401,"93010",0,"CRS3035RES200mN2892800E3770000",657,255,103,100,44,22,41,9415860.1,13337,232,23,15,234,2,4,0,227,55,27,60,61,39,159,119,67,50,17,3,0,"11","Île-de-France","FR10","fr:Île-de-France",12069
"56095","CRS3035RES200mN2892800E3770800","CRS3035RES1000mN2892000E3770000",0,"CRS3035RES1000mN2892000E3770000",866393,"93010",0,"CRS3035RES200mN2892800E3770800",361.5,116,25,18,23,85,10,7109111.7,8368,26,90,82,11,19,4,0,0,17.5,11,32,42,32,70,84,35,20,14,4,0,"11","Île-de-France","FR10","fr:Île-de-France",12069
"56098","CRS3035RES200mN2892800E3769800","CRS3035RES1000mN2892000E3769000",1,"CRS3035RES1000mN2892000E3769000",866333,"93053",0,"CRS3035RES200mN2892800E3769800",52.5,16.1,4.5,1.9,2.6,12.9,0.6,1056154.9,1326.3,2.6,13.5,12.9,0,2.6,0.6,0,0,4.2,1.3,3.5,3.9,2.9,13.5,11,7.1,4.5,0.6,0,0,"11","Île-de-France","FR10","fr:Île-de-France",12069
"56107","CRS3035RES200mN2895400E3770200","CRS3035RES1000mN2895000E3770000",0,"CRS3035RES200mN2895400E3770200",870114,"93029",0,"CRS3035RES200mN2895400E3770200",346,126,24,32,17,95,12,7177994.8,9907,42,84,39,18,29,40,0,9,13,10,18,39,17,81,63,41,42,11,11,0,"11","Île-de-France","FR10","fr:Île-de-France",12069
"56110","CRS3035RES200mN2893800E3771600","CRS3035RES1000mN2893000E3771000",0,"CRS3035RES1000mN2893000E3771000",866419,"93057",0,"CRS3035RES200mN2893800E3771600",362.5,126,20,37,23,90,5,7891897.6,9543,28,98,85,23,9,9,0,0,19.5,14,24,29,22,82,74,30,46,16,6,0,"11","Île-de-France","FR10","fr:Île-de-France",12069
"56120","CRS3035RES200mN2895200E3771200","CRS3035RES1000mN2895000E3771000",0,"CRS3035RES1000mN2895000E3771000",870072,"93005",0,"CRS3035RES200mN2895200E3771200",75,27,4,8,4,20,0,1819765.4,2173,8,19,8,4,5,10,0,0,3,0,7,4,6,9,19,7,12,7,1,0,"11","Île-de-France","FR10","fr:Île-de-France",12069
"56128","CRS3035RES200mN2892000E3769800","CRS3035RES1000mN2892000E3769000",0,"CRS3035RES1000mN2892000E3769000",866335,"93053",0,"CRS3035RES200mN2892000E3769800",74,24,7,5,5,18,1,1188102.5,1687,10,14,14,1,7,2,0,0,8,2,3,5,6,20,9,7,13,1,0,0,"11","Île-de-France","FR10","fr:Île-de-France",12069
"56140","CRS3035RES200mN2895400E3770600","CRS3035RES1000mN2895000E3770000",0,"CRS3035RES200mN2895400E3770600",870096,"93005",0,"CRS3035RES200mN2895400E3770600",57,16,6,3,3,12,0,820551.4,1310,3,13,0,3,8,5,0,0,3,2,5,8,3,18,6,4,8,0,0,0,"11","Île-de-France","FR10","fr:Île-de-France",12069
"56147","CRS3035RES200mN2893800E3771800","CRS3035RES1000mN2893000E3771000",0,"CRS3035RES1000mN2893000E3771000",866420,"93057",0,"CRS3035RES200mN2893800E3771800",374,130,17,34,19,111,9,7859895.8,10304,32,98,67,48,5,10,0,1,11,14,29,34,24,74,76,50,38,20,4,0,"11","Île-de-France","FR10","fr:Île-de-France",12069
"56150","CRS3035RES200mN2894800E3770200","CRS3035RES1000mN2894000E3770000",0,"CRS3035RES1000mN2894000E3770000",870130,"93008",0,"CRS3035RES200mN2894800E3770200",321,111,22,26,21,81,11,6008268.6,8866,19,92,50,31,19,11,0,0,20,6,19,27,20,67,61,40,36,23,2,0,"11","Île-de-France","FR10","fr:Île-de-France",12069
"56171","CRS3035RES200mN2892400E3770800","CRS3035RES1000mN2892000E3770000",0,"CRS3035RES1000mN2892000E3770000",866381,"93010",0,"CRS3035RES200mN2892400E3770800",67,21,3,3,5,19,3,1481887.8,1720,0,21,13,6,1,1,0,0,2,2,6,9,6,9,16,8,5,3,1,0,"11","Île-de-France","FR10","fr:Île-de-France",12069
"56195","CRS3035RES200mN2894600E3771400","CRS3035RES1000mN2894000E3771000",0,"CRS3035RES1000mN2894000E3771000",870059,"93010",0,"CRS3035RES200mN2894600E3771400",209,54,10,5,21,47,5,3738453.2,4502,22,32,8,8,28,10,0,0,16,11,22,37,13,31,45,11,17,6,0,0,"11","Île-de-France","FR10","fr:Île-de-France",12069
"56199","CRS3035RES200mN2893000E3771400","CRS3035RES1000mN2893000E3771000",0,"CRS3035RES1000mN2893000E3771000",866411,"93010",0,"CRS3035RES200mN2893000E3771400",303,92,17,17,22,84,9,5910202.6,7945,2,90,57,20,14,1,0,0,17,15,23,16,14,56,47,44,45,13,13,0,"11","Île-de-France","FR10","fr:Île-de-France",12069
"56221","CRS3035RES200mN2895400E3770400","CRS3035RES1000mN2895000E3770000",0,"CRS3035RES200mN2895400E3770400",870119,"93010",0,"CRS3035RES200mN2895400E3770400",919.5,284,80,61,71,202,39,14886650.6,18676,260,24,1,0,234,49,0,26,58,24,114.5,109,52,203,169,101,55,21,13,0,"11","Île-de-France","FR10","fr:Île-de-France",12069
"56237","CRS3035RES200mN2894600E3771200","CRS3035RES1000mN2894000E3771000",0,"CRS3035RES1000mN2894000E3771000",870068,"93010",0,"CRS3035RES200mN2894600E3771200",665.5,202,52,40,48,43,41,10685080.5,13850,158,44,16,60,6,120,0,142,64.5,28,72,74,40,147,124,52,33,21,10,0,"11","Île-de-France","FR10","fr:Île-de-France",12069
"56269","CRS3035RES200mN2892400E3771800","CRS3035RES1000mN2892000E3771000",0,"CRS3035RES200mN2892400E3771800",866448,"93077",0,"CRS3035RES200mN2892400E3771800",433,174,29,54,15,85,27,9338963.2,11303,111,63,73,70,27,4,0,59,36,20,32,29,25,96,70,60,38,19,8,0,"11","Île-de-France","FR10","fr:Île-de-France",12069
"56271","CRS3035RES200mN2894800E3770000","CRS3035RES1000mN2894000E3770000",0,"CRS3035RES1000mN2894000E3770000",870133,"93008",0,"CRS3035RES200mN2894800E3770000",430.5,143,45,34,30,72,21,7180736.4,10276,62,81,44,60,15,24,0,43,27,18,35,49.5,23,88,81,51,41,13,4,0,"11","Île-de-France","FR10","fr:Île-de-France",12069
"56272","CRS3035RES200mN2893800E3771400","CRS3035RES1000mN2893000E3771000",0,"CRS3035RES1000mN2893000E3771000",866406,"93010",0,"CRS3035RES200mN2893800E3771400",279.5,82,9,13,21,66,8,6026089.4,6872,12,70,39,14,16,13,0,7,16,5,22.5,29,13,56,55,30,23,16,14,0,"11","Île-de-France","FR10","fr:Île-de-France",12069
"56283","CRS3035RES200mN2893600E3771400","CRS3035RES1000mN2893000E3771000",0,"CRS3035RES1000mN2893000E3771000",866407,"93010",0,"CRS3035RES200mN2893600E3771400",239.5,83,22,19,15,44,10,4822617.2,6169,33,50,18,39,11,15,0,28,8,7,18,28.5,17,40,50,28,26,12,5,0,"11","Île-de-France","FR10","fr:Île-de-France",12069
"56307","CRS3035RES200mN2893800E3772000","CRS3035RES1000mN2893000E3772000",0,"CRS3035RES200mN2893800E3772000",866522,"93057",0,"CRS3035RES200mN2893800E3772000",359,141,27,50,15,87,11,7633797.9,9560,84,57,63,27,24,26,1,0,27.5,15,32,29.5,19,87,62,19,44,16,8,0,"11","Île-de-France","FR10","fr:Île-de-France",12069
"56314","CRS3035RES200mN2893800E3771200","CRS3035RES1000mN2893000E3771000",1,"CRS3035RES1000mN2893000E3771000",866403,"93010",0,"CRS3035RES200mN2893800E3771200",24,7.2,0.8,0.5,1.6,2.1,0.5,494026.4,630.1,4.8,2.4,1.6,0.8,0.3,4.5,0,0,2.9,1.1,2.9,1.3,0.8,8.3,3.8,1.6,1.3,0,0,0,"11","Île-de-France","FR10","fr:Île-de-France",12069
"56322","CRS3035RES200mN2893600E3771800","CRS3035RES1000mN2893000E3771000",0,"CRS3035RES1000mN2893000E3771000",866418,"93010",0,"CRS3035RES200mN2893600E3771800",342.5,122,13,23,18,100,9,7882663,9387,14,108,81,15,17,9,0,0,18,12,21,39,13.5,54,68,56,46,9,6,0,"11","Île-de-France","FR10","fr:Île-de-France",12069
"56323","CRS3035RES200mN2892000E3771000","CRS3035RES1000mN2892000E3771000",0,"CRS3035RES200mN2892000E3771000",866445,"93010",0,"CRS3035RES200mN2892000E3771000",487,149,43,24,38,9,34,7930974.2,9516,140,9,5,141,3,0,0,140,35,26,55,57,33,82,94,43,38,18,6,0,"11","Île-de-France","FR10","fr:Île-de-France",12069
"56364","CRS3035RES200mN2892000E3771200","CRS3035RES1000mN2892000E3771000",0,"CRS3035RES200mN2892000E3771200",866431,"93077",0,"CRS3035RES200mN2892000E3771200",206.5,64,9,12,15,53,5,4462524.3,5818,1,63,23,34,4,3,0,0,13,3,19,27.5,8,29,40,27,18,10,12,0,"11","Île-de-France","FR10","fr:Île-de-France",12069
"56436","CRS3035RES200mN2893800E3771000","CRS3035RES1000mN2893000E3771000",0,"CRS3035RES1000mN2893000E3771000",866414,"93010",0,"CRS3035RES200mN2893800E3771000",319.5,102,22,21,19,46,15,5420812.6,5568,101,1,1,73,27,1,0,29,26,16,31,30.5,18,73,67,26,19,9,4,0,"11","Île-de-France","FR10","fr:Île-de-France",12069
"56442","CRS3035RES200mN2893000E3771000","CRS3035RES1000mN2893000E3771000",0,"CRS3035RES1000mN2893000E3771000",866410,"93010",0,"CRS3035RES200mN2893000E3771000",274,90,20,18,17,55,10,5058113.2,6054,44,46,39,32,5,14,0,17,19,8,19,28,17,58,47,42,27,4,5,0,"11","Île-de-France","FR10","fr:Île-de-France",12069
"56446","CRS3035RES200mN2893600E3770800","CRS3035RES1000mN2893000E3770000",0,"CRS3035RES200mN2893600E3770800",866471,"93010",0,"CRS3035RES200mN2893600E3770800",687.5,236,95,74,50,29,33,9703834.1,12457,227,9,6,204,9,17,0,178,57,29,67.5,79.5,44.5,153,126,75,32,19,5,0,"11","Île-de-France","FR10","fr:Île-de-France",12069
"56447","CRS3035RES200mN2893600E3770600","CRS3035RES1000mN2893000E3770000",0,"CRS3035RES200mN2893600E3770600",866474,"93010",0,"CRS3035RES200mN2893600E3770600",839,325,87,107,37,118,58,14064938,18031,325,0,7,12,0,306,0,114,59.5,36,66,79.5,50,191,180,84,51,26,16,0,"11","Île-de-France","FR10","fr:Île-de-France",12069
"56518","CRS3035RES200mN2894600E3771000","CRS3035RES1000mN2894000E3771000",0,"CRS3035RES1000mN2894000E3771000",870055,"93010",0,"CRS3035RES200mN2894600E3771000",65,22,5,3,2,17,6,1231746.4,1741,4,18,8,4,4,6,0,1,3,2,5,6,6,11,21,3,8,0,0,0,"11","Île-de-France","FR10","fr:Île-de-France",12069
"56549","CRS3035RES200mN2894600E3770000","CRS3035RES1000mN2894000E3770000",0,"CRS3035RES1000mN2894000E3770000",870134,"93008",0,"CRS3035RES200mN2894600E3770000",464,153,60,45,37,43,24,6856686.9,9239,108,45,21,114,8,10,0,96,35.5,23,39,61.5,22,86,91,53,36,14,3,0,"11","Île-de-France","FR10","fr:Île-de-France",12069
"56564","CRS3035RES200mN2894600E3771600","CRS3035RES1000mN2894000E3771000",1,"CRS3035RES1000mN2894000E3771000",870052,"93057",0,"CRS3035RES200mN2894600E3771600",17.5,4.6,0.7,0.7,1.5,0.4,0.4,311011.5,323,4.1,0.5,2,1.1,0,1.5,0,0,1.3,1.1,2.9,1.1,0.9,4.8,3.3,0.9,0.6,0,0.6,0,"11","Île-de-France","FR10","fr:Île-de-France",12069
"56646","CRS3035RES200mN2895200E3771000","CRS3035RES1000mN2895000E3771000",0,"CRS3035RES1000mN2895000E3771000",870093,"93010",0,"CRS3035RES200mN2895200E3771000",371,110,33,24,27,31,18,5749821.2,7677,71,39,14,52,2,42,0,71,18,13,38,55,23,67,83,20,39,9,6,0,"11","Île-de-France","FR10","fr:Île-de-France",12069
"56727","CRS3035RES200mN2893600E3772000","CRS3035RES1000mN2893000E3772000",0,"CRS3035RES200mN2893600E3772000",866527,"93057",0,"CRS3035RES200mN2893600E3772000",429,189,36,72,14,112,24,9180182.2,10464,126,63,48,60,64,17,0,0,40.5,13,26,26.5,24,121,71,43,32,20,12,0,"11","Île-de-France","FR10","fr:Île-de-France",12069
"56767","CRS3035RES200mN2893000E3771200","CRS3035RES1000mN2893000E3771000",0,"CRS3035RES1000mN2893000E3771000",866425,"93010",0,"CRS3035RES200mN2893000E3771200",667.5,269,64,97,37,15,49,10827287.8,16330,255,14,9,260,0,0,0,250,54,29,58.5,66,33,157,110,69,58,27,6,0,"11","Île-de-France","FR10","fr:Île-de-France",12069
"56771","CRS3035RES200mN2893600E3770400","CRS3035RES1000mN2893000E3770000",0,"CRS3035RES200mN2893600E3770400",866478,"93010",0,"CRS3035RES200mN2893600E3770400",1705.5,673,136,247,80,237,107,30530720.3,37447,659,14,71,35,110,457,0,271,152,86,167,160.5,73,449,360,137,72,29,20,0,"11","Île-de-France","FR10","fr:Île-de-France",12069
"56809","CRS3035RES200mN2892000E3770800","CRS3035RES1000mN2892000E3770000",0,"CRS3035RES1000mN2892000E3770000",866389,"93010",0,"CRS3035RES200mN2892000E3770800",205,73,3,10,10,71,4,5914955.1,8122,0,73,3,0,58,12,0,0,7,0,15,13,9,26,41,57,26,3,8,0,"11","Île-de-France","FR10","fr:Île-de-France",12069
"56843","CRS3035RES200mN2894600E3770800","CRS3035RES1000mN2894000E3770000",0,"CRS3035RES1000mN2894000E3770000",870136,"93010",0,"CRS3035RES200mN2894600E3770800",634,182,58,32,49,0,40,9021341.3,12158,182,0,0,46,0,136,0,182,62,27,63,79,48,135,115,50,31,12,12,0,"11","Île-de-France","FR10","fr:Île-de-France",12069
"56931","CRS3035RES200mN2895200E3770800","CRS3035RES1000mN2895000E3770000",0,"CRS3035RES200mN2895200E3770800",870120,"93010",0,"CRS3035RES200mN2895200E3770800",724.5,294,99,111,30,6,64,10691116.6,15249,286,8,1,150,0,143,0,286,72,27,75,54.5,32,171,138,60,76,14,5,0,"11","Île-de-France","FR10","fr:Île-de-France",12069
"56972","CRS3035RES200mN2895200E3770400","CRS3035RES1000mN2895000E3770000",0,"CRS3035RES200mN2895200E3770400",870102,"93010",0,"CRS3035RES200mN2895200E3770400",256,71,18,5,22,60,7,4073707.7,6193,3,68,12,11,39,9,0,0,17,1,12,28,27,54,47,39,24,3,4,0,"11","Île-de-France","FR10","fr:Île-de-France",12069
"57170","CRS3035RES200mN2893000E3772000","CRS3035RES1000mN2893000E3772000",0,"CRS3035RES200mN2893000E3772000",866525,"93057",0,"CRS3035RES200mN2893000E3772000",374.5,163,22,60,11,86,25,8005884.1,10412,120,43,34,58,33,38,0,53,14,10,24.5,32.5,27.5,65,77,58,41,12,13,0,"11","Île-de-France","FR10","fr:Île-de-France",12069
"57173","CRS3035RES200mN2893600E3771200","CRS3035RES1000mN2893000E3771000",1,"CRS3035RES1000mN2893000E3771000",866403,"93010",0,"CRS3035RES200mN2893600E3771200",66,19.8,2.2,1.5,4.4,5.9,1.5,1358572.6,1732.9,13.2,6.6,4.4,2.2,0.7,12.5,0,0,8,2.9,8.1,3.7,2.2,22.7,10.3,4.4,3.7,0,0,0,"11","Île-de-France","FR10","fr:Île-de-France",12069
"57174","CRS3035RES200mN2895200E3770600","CRS3035RES1000mN2895000E3770000",0,"CRS3035RES200mN2895200E3770600",870104,"93010",0,"CRS3035RES200mN2895200E3770600",206,72,25,22,14,1,13,2894867.3,4019,69,3,0,69,0,3,0,69,12,5,17,26,11,36,44,22,30,2,1,0,"11","Île-de-France","FR10","fr:Île-de-France",12069
"57175","CRS3035RES200mN2895200E3770200","CRS3035RES1000mN2895000E3770000",0,"CRS3035RES200mN2895200E3770200",870113,"93029",0,"CRS3035RES200mN2895200E3770200",351,115,19,20,17,89,11,6724735,8206,25,90,32,44,15,24,0,3,20,16,23,30,27,76,72,33,29,18,7,0,"11","Île-de-France","FR10","fr:Île-de-France",12069
"57208","CRS3035RES200mN2894200E3770400","CRS3035RES1000mN2894000E3770000",0,"CRS3035RES1000mN2894000E3770000",870125,"93010",0,"CRS3035RES200mN2894200E3770400",201,63,15,12,16,57,5,3414490.3,3983,0,63,2,61,0,0,0,0,10,6,21,22,14,26,45,20,17,17,3,0,"11","Île-de-France","FR10","fr:Île-de-France",12069
"57211","CRS3035RES200mN2893000E3771600","CRS3035RES1000mN2893000E3771000",0,"CRS3035RES1000mN2893000E3771000",866416,"93010",0,"CRS3035RES200mN2893000E3771600",335.5,104,18,26,25,80,6,6642678.6,8312,17,87,52,26,20,6,0,0,23.5,11,22,43,20,66,71,36,21,15,7,0,"11","Île-de-France","FR10","fr:Île-de-France",12069
"57247","CRS3035RES200mN2894200E3769800","CRS3035RES1000mN2894000E3769000",0,"CRS3035RES200mN2894200E3769800",869969,"93008",0,"CRS3035RES200mN2894200E3769800",456,158,60,43,29,63,27,7193465.5,8899,107,51,92,10,7,49,0,25,39,16,34,32,29,115,84,48,34,12,13,0,"11","Île-de-France","FR10","fr:Île-de-France",12069
"57250","CRS3035RES200mN2894600E3770600","CRS3035RES1000mN2894000E3770000",0,"CRS3035RES1000mN2894000E3770000",870126,"93010",0,"CRS3035RES200mN2894600E3770600",250.5,71,30,10,23,1,12,3253815.8,4622,70,1,0,38,0,33,0,70,10.5,6,24,45,32,28,55,30,14,4,2,0,"11","Île-de-France","FR10","fr:Île-de-France",12069
"57252","CRS3035RES200mN2893000E3770800","CRS3035RES1000mN2893000E3770000",0,"CRS3035RES200mN2893000E3770800",866468,"93010",0,"CRS3035RES200mN2893000E3770800",614.5,212,59,50,39,50,51,9788504.1,12025,158,54,45,155,5,7,0,148,39,17,51.5,65,47,119,113,67,66,24,6,0,"11","Île-de-France","FR10","fr:Île-de-France",12069
"57293","CRS3035RES200mN2893000E3770400","CRS3035RES1000mN2893000E3770000",0,"CRS3035RES200mN2893000E3770400",866473,"93010",0,"CRS3035RES200mN2893000E3770400",591,253,64,88,25,73,49,10257392.9,13066,189,64,200,29,1,23,0,105,46,21,50,46,28,138,111,64,49,26,12,0,"11","Île-de-France","FR10","fr:Île-de-France",12069
"57327","CRS3035RES200mN2895000E3770800","CRS3035RES1000mN2895000E3770000",0,"CRS3035RES200mN2895000E3770800",870099,"93010",0,"CRS3035RES200mN2895000E3770800",234,65,11,10,19,42,4,3876557.5,4760,20,45,15,33,12,5,0,15,12,5,15,26,16,44,39,26,30,11,10,0,"11","Île-de-France","FR10","fr:Île-de-France",12069
"57335","CRS3035RES200mN2893600E3771600","CRS3035RES1000mN2893000E3771000",0,"CRS3035RES1000mN2893000E3771000",866417,"93010",0,"CRS3035RES200mN2893600E3771600",343,110,24,24,18,99,10,6710661.3,8671,6,104,68,9,16,17,0,0,16,9,29,44,18,47,95,34,29,14,8,0,"11","Île-de-France","FR10","fr:Île-de-France",12069
"57447","CRS3035RES200mN2893400E3769600","CRS3035RES1000mN2893000E3769000",0,"CRS3035RES1000mN2893000E3769000",866319,"93053",0,"CRS3035RES200mN2893400E3769600",147,58,12,20,6,43,6,2654438.4,3821,24,34,23,8,9,17,1,0,13,4,11,8,11,31,30,13,15,7,4,0,"11","Île-de-France","FR10","fr:Île-de-France",12069
"57448","CRS3035RES200mN2895000E3770400","CRS3035RES1000mN2895000E3770000",0,"CRS3035RES200mN2895000E3770400",870109,"93010",0,"CRS3035RES200mN2895000E3770400",300.5,91,21,19,24,78,7,5130336.8,6735,41,50,17,12,45,17,0,0,24.5,7,25,22,22,66,53,36,41,4,0,0,"11","Île-de-France","FR10","fr:Île-de-France",12069
"57506","CRS3035RES200mN2894400E3770800","CRS3035RES1000mN2894000E3770000",0,"CRS3035RES1000mN2894000E3770000",870122,"93010",0,"CRS3035RES200mN2894400E3770800",37,13,3,2,3,5,2,680184.9,1071,6,7,2,7,3,1,0,0,1,0,4,6,2,5,11,3,4,1,0,0,"11","Île-de-France","FR10","fr:Île-de-France",12069
"57539","CRS3035RES200mN2893000E3770000","CRS3035RES1000mN2893000E3770000",0,"CRS3035RES200mN2893000E3770000",866455,"93053",0,"CRS3035RES200mN2893000E3770000",197.5,70,16,13,6,52,12,4387608.2,5260,18,52,42,15,7,6,0,0,11,8.5,13.5,19.5,10,37,49,14,19,12,4,0,"11","Île-de-France","FR10","fr:Île-de-France",12069
"57563","CRS3035RES200mN2892600E3771800","CRS3035RES1000mN2892000E3771000",0,"CRS3035RES200mN2892600E3771800",866432,"93010",0,"CRS3035RES200mN2892600E3771800",181,66,10,18,6,56,5,4302848.4,5473,5,61,50,2,7,7,0,0,11,2,19,17,12,35,38,19,19,7,2,0,"11","Île-de-France","FR10","fr:Île-de-France",12069
"57564","CRS3035RES200mN2892600E3772000","CRS3035RES1000mN2892000E3772000",0,"CRS3035RES200mN2892600E3772000",866545,"93077",0,"CRS3035RES200mN2892600E3772000",400,135,15,20,16,76,23,9109980.8,9861,85,50,42,53,4,36,0,18,25,17,50,45,19,104,73,25,23,13,6,0,"11","Île-de-France","FR10","fr:Île-de-France",12069
"57565","CRS3035RES200mN2892600E3771400","CRS3035RES1000mN2892000E3771000",0,"CRS3035RES200mN2892600E3771400",866437,"93010",0,"CRS3035RES200mN2892600E3771400",300.5,114,18,33,10,90,7,6591851,8156,18,96,81,19,11,3,0,0,20.5,8.5,15,25.5,13,52,77,38,35,10,6,0,"11","Île-de-France","FR10","fr:Île-de-France",12069
"57570","CRS3035RES200mN2895000E3770600","CRS3035RES1000mN2895000E3770000",0,"CRS3035RES200mN2895000E3770600",870115,"93010",0,"CRS3035RES200mN2895000E3770600",640,178,60,30,55,18,39,9410454.8,12584,159,19,2,97,4,75,0,155,37,16,66,108,48,119,112,63,59,7,5,0,"11","Île-de-France","FR10","fr:Île-de-France",12069
"57578","CRS3035RES200mN2893000E3770200","CRS3035RES1000mN2893000E3770000",0,"CRS3035RES200mN2893000E3770200",866466,"93010",0,"CRS3035RES200mN2893000E3770200",516.5,199,46,59,18,121,25,9994037.1,12179,139,60,77,47,4,70,1,0,41,12,40.5,35,27,135,103,67,34,13,9,0,"11","Île-de-France","FR10","fr:Île-de-France",12069
"57614","CRS3035RES200mN2893000E3769800","CRS3035RES1000mN2893000E3769000",0,"CRS3035RES1000mN2893000E3769000",866322,"93053",0,"CRS3035RES200mN2893000E3769800",172,69,27,21,7,44,8,3340451.4,4888,29,40,31,24,5,9,0,0,11,3,18,11,9,45,37,14,17,4,3,0,"11","Île-de-France","FR10","fr:Île-de-France",12069
"57642","CRS3035RES200mN2893800E3770600","CRS3035RES1000mN2893000E3770000",0,"CRS3035RES200mN2893800E3770600",866465,"93010",0,"CRS3035RES200mN2893800E3770600",370.5,185,56,98,11,49,28,6089453,8882,183,2,3,68,8,105,1,101,21,13,26.5,20,16,111,71,42,30,18,2,0,"11","Île-de-France","FR10","fr:Île-de-France",12069
"57643","CRS3035RES200mN2893800E3770400","CRS3035RES1000mN2893000E3770000",0,"CRS3035RES200mN2893800E3770400",866470,"93010",0,"CRS3035RES200mN2893800E3770400",616,219,54,74,35,74,32,10535513.4,13557,194,25,31,8,2,178,0,86,54,18,44,72,35,144,137,53,33,12,14,0,"11","Île-de-France","FR10","fr:Île-de-France",12069
"57656","CRS3035RES200mN2893000E3771800","CRS3035RES1000mN2893000E3771000",0,"CRS3035RES1000mN2893000E3771000",866412,"93057",0,"CRS3035RES200mN2893000E3771800",288.5,94,12,19,18,71,11,6135588.8,7609,27,67,64,12,8,10,0,0,20,9,28.5,31,17,64,51,26,27,11,4,0,"11","Île-de-France","FR10","fr:Île-de-France",12069
"57695","CRS3035RES200mN2894200E3770200","CRS3035RES1000mN2894000E3770000",1,"CRS3035RES1000mN2894000E3770000",870121,"93010",0,"CRS3035RES200mN2894200E3770200",4,1.1,0.2,0,0.3,1,0,73875.7,85.1,0,1.1,0.9,0,0.1,0.1,0,0,0.4,0,0.3,0.2,0.1,0.9,0.6,0.6,0.7,0.2,0,0,"11","Île-de-France","FR10","fr:Île-de-France",12069
"57751","CRS3035RES200mN2894400E3771400","CRS3035RES1000mN2894000E3771000",0,"CRS3035RES1000mN2894000E3771000",870060,"93010",0,"CRS3035RES200mN2894400E3771400",186,54,10,7,15,50,6,3638997.2,4388,3,51,27,9,9,9,0,0,7.5,6,16,14,11,34.5,36,26,16,10,9,0,"11","Île-de-France","FR10","fr:Île-de-France",12069
"57777","CRS3035RES200mN2894600E3770400","CRS3035RES1000mN2894000E3770000",0,"CRS3035RES1000mN2894000E3770000",870139,"93010",0,"CRS3035RES200mN2894600E3770400",1117.5,329,134,73,93,8,66,15277567.7,19381,322,7,0,329,0,0,0,321,96,39,111.5,174,73,206,199,135,70,11,3,0,"11","Île-de-France","FR10","fr:Île-de-France",12069
"57866","CRS3035RES200mN2893600E3770200","CRS3035RES1000mN2893000E3770000",0,"CRS3035RES200mN2893600E3770200",866457,"93010",0,"CRS3035RES200mN2893600E3770200",294,101,14,23,15,47,11,6014822.1,7415,79,22,18,18,13,52,0,40,21,13,35,27,10,62,48,29,27,16,6,0,"11","Île-de-France","FR10","fr:Île-de-France",12069
"57867","CRS3035RES200mN2893600E3770000","CRS3035RES1000mN2893000E3770000",0,"CRS3035RES200mN2893600E3770000",866464,"93010",0,"CRS3035RES200mN2893600E3770000",547,176,36,37,41,14,40,9254728.7,13951,160,16,13,14,147,2,0,147,27,13,44,68,44,95,120,65,47,16,8,0,"11","Île-de-France","FR10","fr:Île-de-France",12069
"57883","CRS3035RES200mN2894400E3770000","CRS3035RES1000mN2894000E3770000",0,"CRS3035RES1000mN2894000E3770000",870138,"93008",0,"CRS3035RES200mN2894400E3770000",771.5,222,80,47,56,9,59,10357711.5,13042,216,6,6,216,0,0,0,212,50,32.5,86,125,49,133,138,72,61,17,8,0,"11","Île-de-France","FR10","fr:Île-de-France",12069
"57885","CRS3035RES200mN2893800E3770200","CRS3035RES1000mN2893000E3770000",0,"CRS3035RES200mN2893800E3770200",866456,"93010",0,"CRS3035RES200mN2893800E3770200",319,100,25,24,21,1,19,5005480.9,7658,100,0,0,3,97,0,0,96,14,8,21,46.5,36.5,48,69,38,21,6,11,0,"11","Île-de-France","FR10","fr:Île-de-France",12069
"57898","CRS3035RES200mN2893400E3770000","CRS3035RES1000mN2893000E3770000",0,"CRS3035RES200mN2893400E3770000",866459,"93010",0,"CRS3035RES200mN2893400E3770000",329.5,118,15,33,15,86,11,7412848.3,8562,50,68,102,2,7,7,0,0,18,6,23,27.5,19,75,56,37,42,13,13,0,"11","Île-de-France","FR10","fr:Île-de-France",12069
"57909","CRS3035RES200mN2893600E3769800","CRS3035RES1000mN2893000E3769000",0,"CRS3035RES1000mN2893000E3769000",866329,"93053",0,"CRS3035RES200mN2893600E3769800",529,170,82,42,31,75,16,7691747.8,8488,113,57,121,27,3,17,2,0,41,26,48,50.5,33,133.5,112,57,14,9,5,0,"11","Île-de-France","FR10","fr:Île-de-France",12069
"57929","CRS3035RES200mN2892600E3771200","CRS3035RES1000mN2892000E3771000",0,"CRS3035RES200mN2892600E3771200",866451,"93010",0,"CRS3035RES200mN2892600E3771200",849,318,140,110,49,99,26,13435821.1,15072,288,30,5,5,118,190,0,192,59.5,37,67.5,103,36,169,185,79,77,20,16,0,"11","Île-de-France","FR10","fr:Île-de-France",12069
"57939","CRS3035RES200mN2894200E3770000","CRS3035RES1000mN2894000E3770000",0,"CRS3035RES1000mN2894000E3770000",870131,"93008",0,"CRS3035RES200mN2894200E3770000",393.5,114,42,21,28,36,22,6021745.7,7664,73,41,36,32,6,40,0,65,24.5,14,32,56,21,65,77,44,28,11,21,0,"11","Île-de-France","FR10","fr:Île-de-France",12069
"58001","CRS3035RES200mN2893200E3770400","CRS3035RES1000mN2893000E3770000",0,"CRS3035RES200mN2893200E3770400",866477,"93010",0,"CRS3035RES200mN2893200E3770400",939.5,450,71,200,25,247,51,19551634.5,23762,406,44,172,115,71,86,6,68,70.5,24,67,50,42,256,164,100,112,41,13,0,"11","Île-de-France","FR10","fr:Île-de-France",12069
"58075","CRS3035RES200mN2893200E3770600","CRS3035RES1000mN2893000E3770000",0,"CRS3035RES200mN2893200E3770600",866461,"93010",0,"CRS3035RES200mN2893200E3770600",321.5,139,32,51,7,74,15,6034826.3,7669,96,43,62,73,1,3,0,15,30,8,22.5,8,12,92,49,42,36,17,5,0,"11","Île-de-France","FR10","fr:Île-de-France",12069
"58093","CRS3035RES200mN2892600E3771000","CRS3035RES1000mN2892000E3771000",0,"CRS3035RES200mN2892600E3771000",866450,"93010",0,"CRS3035RES200mN2892600E3771000",857,280,40,58,48,138,35,17900676.9,18113,242,38,19,22,0,238,1,107,98,40.5,90,76.5,40,262,161,48,32,1,8,0,"11","Île-de-France","FR10","fr:Île-de-France",12069
"58171","CRS3035RES200mN2892600E3771600","CRS3035RES1000mN2892000E3771000",0,"CRS3035RES200mN2892600E3771600",866438,"93010",0,"CRS3035RES200mN2892600E3771600",356.5,116,20,23,23,96,12,7492291.9,8895,10,106,81,14,13,8,0,0,29,6,20,25.5,32,82,68,45,36,6,7,0,"11","Île-de-France","FR10","fr:Île-de-France",12069
"58172","CRS3035RES200mN2892600E3770600","CRS3035RES1000mN2892000E3770000",0,"CRS3035RES1000mN2892000E3770000",866392,"93010",0,"CRS3035RES200mN2892600E3770600",376,115,18,15,25,59,13,7345196,8492,36,79,52,9,4,50,0,47,31,17.5,38,31,19.5,81,79,38,26,7,8,0,"11","Île-de-France","FR10","fr:Île-de-France",12069
"58227","CRS3035RES200mN2894000E3771600","CRS3035RES1000mN2894000E3771000",0,"CRS3035RES1000mN2894000E3771000",870063,"93057",0,"CRS3035RES200mN2894000E3771600",238,86,18,23,13,24,17,3996275.8,4974,60,26,42,6,16,22,0,29,24,4,23,24,13,65,50,23,9,1,2,0,"11","Île-de-France","FR10","fr:Île-de-France",12069
"58228","CRS3035RES200mN2894200E3771000","CRS3035RES1000mN2894000E3771000",0,"CRS3035RES1000mN2894000E3771000",870064,"93010",0,"CRS3035RES200mN2894200E3771000",353.5,109,31,22,19,16,27,5347222.4,6806,94,15,14,76,5,14,0,85,28,15.5,31.5,48.5,20,82,60,36,18,7,7,0,"11","Île-de-France","FR10","fr:Île-de-France",12069
"58262","CRS3035RES200mN2894600E3770200","CRS3035RES1000mN2894000E3770000",0,"CRS3035RES1000mN2894000E3770000",870127,"93008",0,"CRS3035RES200mN2894600E3770200",261,79,16,14,16,65,5,4638237.8,6426,6,73,30,34,11,4,0,0,10,6,15,27,23,48,54,40,32,6,0,0,"11","Île-de-France","FR10","fr:Île-de-France",12069
"58289","CRS3035RES200mN2892600E3770400","CRS3035RES1000mN2892000E3770000",0,"CRS3035RES1000mN2892000E3770000",866390,"93010",0,"CRS3035RES200mN2892600E3770400",242.5,84,16,23,17,32,9,4887098.6,5688,62,22,38,10,12,24,0,0,26,15,16.5,10,15,76,38,25,11,3,7,0,"11","Île-de-France","FR10","fr:Île-de-France",12069
"58292","CRS3035RES200mN2892600E3770800","CRS3035RES1000mN2892000E3770000",0,"CRS3035RES1000mN2892000E3770000",866399,"93010",0,"CRS3035RES200mN2892600E3770800",706,201,33,31,61,136,24,14297276.9,19094,16,185,38,5,134,24,0,46,26,19,53,77,59,129,149,92,63,22,17,0,"11","Île-de-France","FR10","fr:Île-de-France",12069
"58296","CRS3035RES200mN2892600E3769800","CRS3035RES1000mN2892000E3769000",1,"CRS3035RES1000mN2892000E3769000",866333,"93053",0,"CRS3035RES200mN2892600E3769800",17,5.2,1.5,0.6,0.8,4.2,0.2,341993,429.5,0.8,4.4,4.2,0,0.8,0.2,0,0,1.4,0.4,1.1,1.3,0.9,4.4,3.5,2.3,1.5,0.2,0,0,"11","Île-de-France","FR10","fr:Île-de-France",12069
"58305","CRS3035RES200mN2894800E3770400","CRS3035RES1000mN2894000E3770000",0,"CRS3035RES1000mN2894000E3770000",870132,"93010",0,"CRS3035RES200mN2894800E3770400",356,122,48,35,21,21,26,4963115.8,7201,98,24,10,101,5,6,0,98,22,12,25,52,24,77,62,41,30,8,3,0,"11","Île-de-France","FR10","fr:Île-de-France",12069
"58335","CRS3035RES200mN2892600E3770000","CRS3035RES1000mN2892000E3770000",0,"CRS3035RES1000mN2892000E3770000",866386,"93010",0,"CRS3035RES200mN2892600E3770000",153,61,12,20,7,47,5,3204721.6,3965,39,22,21,24,9,7,0,0,7,6,8,12,7,38,33,17,18,7,0,0,"11","Île-de-France","FR10","fr:Île-de-France",12069
"58362","CRS3035RES200mN2894200E3771400","CRS3035RES1000mN2894000E3771000",0,"CRS3035RES1000mN2894000E3771000",870057,"93010",0,"CRS3035RES200mN2894200E3771400",125,42,14,10,5,25,2,1901697.3,2918,23,19,17,8,7,10,0,0,5,3,8,12,11,26,26,18,13,1,2,0,"11","Île-de-France","FR10","fr:Île-de-France",12069
"58389","CRS3035RES200mN2894000E3771800","CRS3035RES1000mN2894000E3771000",0,"CRS3035RES1000mN2894000E3771000",870070,"93057",0,"CRS3035RES200mN2894000E3771800",753.5,318,54,111,24,111,41,14120667.8,17115,298,20,38,27,0,253,0,62,79,30,57.5,41.5,41.5,253,125,54,54,13,5,0,"11","Île-de-France","FR10","fr:Île-de-France",12069
"58399","CRS3035RES200mN2893200E3771200","CRS3035RES1000mN2893000E3771000",0,"CRS3035RES1000mN2893000E3771000",866423,"93010",0,"CRS3035RES200mN2893200E3771200",569,233,64,97,28,7,40,9367648.4,14314,225,8,4,227,2,0,0,225,29,18,40,64.5,44.5,84,125,74,54,29,7,0,"11","Île-de-France","FR10","fr:Île-de-France",12069
"58411","CRS3035RES200mN2892600E3770200","CRS3035RES1000mN2892000E3770000",0,"CRS3035RES1000mN2892000E3770000",866387,"93010",0,"CRS3035RES200mN2892600E3770200",200.5,69,21,21,16,14,11,3061149.5,4145,52,17,16,7,2,44,0,45,15,5,18,31,17.5,42,41,13,15,2,1,0,"11","Île-de-France","FR10","fr:Île-de-France",12069
"58429","CRS3035RES200mN2894200E3771800","CRS3035RES1000mN2894000E3771000",0,"CRS3035RES1000mN2894000E3771000",870069,"93057",0,"CRS3035RES200mN2894200E3771800",643.5,235,52,68,32,91,48,11079407.1,13966,204,31,30,151,2,52,0,106,51,39,57,62,34.5,165,108,69,34,13,11,0,"11","Île-de-France","FR10","fr:Île-de-France",12069
"58433","CRS3035RES200mN2893200E3769600","CRS3035RES1000mN2893000E3769000",0,"CRS3035RES1000mN2893000E3769000",866326,"93053",0,"CRS3035RES200mN2893200E3769600",347.5,129,31,37,14,58,12,6538371.1,7543,67,62,69,55,3,2,0,40,21.5,12.5,17,41.5,19,93,73,35,22,12,1,0,"11","Île-de-France","FR10","fr:Île-de-France",12069
"58470","CRS3035RES200mN2894000E3771400","CRS3035RES1000mN2894000E3771000",0,"CRS3035RES1000mN2894000E3771000",870067,"93010",0,"CRS3035RES200mN2894000E3771400",770.5,201,81,23,67,115,22,10746273.9,13858,168,33,16,163,21,1,0,23,48,25,81,83.5,57,173,150,100,37,8,8,0,"11","Île-de-France","FR10","fr:Île-de-France",12069
"58474","CRS3035RES200mN2894800E3771600","CRS3035RES1000mN2894000E3771000",0,"CRS3035RES1000mN2894000E3771000",870062,"93057",0,"CRS3035RES200mN2894800E3771600",246,83,19,15,13,49,15,5039878.8,6516,31,52,24,15,12,32,0,6,21,12,14,29,12,74,36,22,21,5,0,0,"11","Île-de-France","FR10","fr:Île-de-France",12069
"58482","CRS3035RES200mN2893200E3771000","CRS3035RES1000mN2893000E3771000",0,"CRS3035RES1000mN2893000E3771000",866426,"93010",0,"CRS3035RES200mN2893200E3771000",1078,326,92,64,82,36,62,17179018.4,21059,285,41,25,96,78,127,0,270,64.5,38,109,133.5,87,197,227,111,68,23,20,0,"11","Île-de-France","FR10","fr:Île-de-France",12069
"58484","CRS3035RES200mN2893800E3770800","CRS3035RES1000mN2893000E3770000",0,"CRS3035RES200mN2893800E3770800",866475,"93010",0,"CRS3035RES200mN2893800E3770800",1004,356,116,118,64,0,67,14797287.9,19153,356,0,0,317,0,39,0,356,68,34,91,114,67,201,196,110,84,29,10,0,"11","Île-de-France","FR10","fr:Île-de-France",12069
"58521","CRS3035RES200mN2893200E3770800","CRS3035RES1000mN2893000E3770000",0,"CRS3035RES200mN2893200E3770800",866476,"93010",0,"CRS3035RES200mN2893200E3770800",1197,390,147,100,77,36,87,16868395.9,23186,382,8,5,269,1,115,0,343,92.5,45.5,127,140,75,261,204,117,87,30,18,0,"11","Île-de-France","FR10","fr:Île-de-France",12069
"58549","CRS3035RES200mN2895000E3771400","CRS3035RES1000mN2895000E3771000",1,"CRS3035RES1000mN2895000E3771000",870071,"93005",0,"CRS3035RES200mN2895000E3771400",9,3,0.6,0.3,0.4,2.5,0.4,193401.6,256.1,0.2,2.8,0.2,0.4,2.2,0.2,0,0,0.3,0.5,0.5,0.3,0.1,1.4,1.6,2.9,0.8,0.1,0.5,0,"11","Île-de-France","FR10","fr:Île-de-France",12069
"58553","CRS3035RES200mN2894000E3771200","CRS3035RES1000mN2894000E3771000",1,"CRS3035RES1000mN2894000E3771000",870052,"93010",0,"CRS3035RES200mN2894000E3771200",44,11.5,1.6,1.6,3.8,1.1,1.1,781971.8,812.2,10.4,1.1,4.9,2.8,0,3.8,0,0,3.3,2.7,7.4,2.7,2.2,12,8.2,2.2,1.6,0,1.7,0,"11","Île-de-France","FR10","fr:Île-de-France",12069
"58600","CRS3035RES200mN2893200E3771600","CRS3035RES1000mN2893000E3771000",0,"CRS3035RES1000mN2893000E3771000",866413,"93010",0,"CRS3035RES200mN2893200E3771600",335.5,97,18,14,22,85,11,6639369.5,8494,12,85,49,19,20,9,0,0,17,13,21.5,36,16,65,65,45,33,15,9,0,"11","Île-de-France","FR10","fr:Île-de-France",12069
"58601","CRS3035RES200mN2894400E3771000","CRS3035RES1000mN2894000E3771000",0,"CRS3035RES1000mN2894000E3771000",870066,"93010",0,"CRS3035RES200mN2894400E3771000",575.5,174,50,36,41,38,38,9098972.9,11095,139,35,22,133,6,13,0,130,45,29,52.5,69.5,38.5,111,117,57,33,16,7,0,"11","Île-de-France","FR10","fr:Île-de-France",12069
"58605","CRS3035RES200mN2894400E3771600","CRS3035RES1000mN2894000E3771000",1,"CRS3035RES1000mN2894000E3771000",870052,"93057",0,"CRS3035RES200mN2894400E3771600",4,1,0.1,0.1,0.3,0.1,0.1,71088.3,73.8,0.9,0.1,0.4,0.3,0,0.3,0,0,0.3,0.2,0.7,0.2,0.2,1.1,0.7,0.2,0.2,0,0.2,0,"11","Île-de-France","FR10","fr:Île-de-France",12069
"58637","CRS3035RES200mN2894000E3770000","CRS3035RES1000mN2894000E3770000",0,"CRS3035RES1000mN2894000E3770000",870123,"93008",0,"CRS3035RES200mN2894000E3770000",78,22,8,3,7,9,2,1141379.5,1190,8,14,15,3,4,0,0,3,3,3,7,11,5,20,13,8,5,3,0,0,"11","Île-de-France","FR10","fr:Île-de-France",12069
"58665","CRS3035RES200mN2891800E3771400","CRS3035RES1000mN2891000E3771000",0,"CRS3035RES200mN2891800E3771400",862841,"93077",0,"CRS3035RES200mN2891800E3771400",813.5,318,50,100,30,49,67,15028157.9,19641,268,50,35,270,5,7,1,260,51,25.5,56.5,96.5,49,147,175,95,62,40,16,0,"11","Île-de-France","FR10","fr:Île-de-France",12069
"58666","CRS3035RES200mN2893000E3769600","CRS3035RES1000mN2893000E3769000",0,"CRS3035RES1000mN2893000E3769000",866321,"93053",0,"CRS3035RES200mN2893000E3769600",213.5,67,23,19,12,33,9,3220291.6,3991,52,15,15,47,0,5,0,0,14,18,15,16,15.5,61,34,18,13,9,0,0,"11","Île-de-France","FR10","fr:Île-de-France",12069
"58672","CRS3035RES200mN2893000E3770600","CRS3035RES1000mN2893000E3770000",0,"CRS3035RES200mN2893000E3770600",866472,"93010",0,"CRS3035RES200mN2893000E3770600",547.5,244,59,99,14,101,37,10212174.4,12696,196,48,63,75,58,47,1,82,43,19,39,41.5,31,127,121,57,55,13,1,0,"11","Île-de-France","FR10","fr:Île-de-France",12069
"58673","CRS3035RES200mN2894200E3770800","CRS3035RES1000mN2894000E3770000",0,"CRS3035RES1000mN2894000E3770000",870129,"93010",0,"CRS3035RES200mN2894200E3770800",260.5,92,24,28,17,69,7,4533163.9,6501,27,65,45,10,26,11,0,0,7.5,8,21,33,7,46,54,21,38,16,9,0,"11","Île-de-France","FR10","fr:Île-de-France",12069
"58712","CRS3035RES200mN2895000E3771200","CRS3035RES1000mN2895000E3771000",1,"CRS3035RES1000mN2895000E3771000",870071,"93010",0,"CRS3035RES200mN2895000E3771200",81,27,5.4,2.7,3.6,22.5,3.6,1740614.7,2304.9,1.8,25.2,1.8,3.6,19.8,1.8,0,0,2.7,4.5,4.5,2.7,0.9,12.6,14.4,26.1,7.2,0.9,4.5,0,"11","Île-de-France","FR10","fr:Île-de-France",12069
"58717","CRS3035RES200mN2894000E3770800","CRS3035RES1000mN2894000E3770000",1,"CRS3035RES1000mN2894000E3770000",870121,"93010",0,"CRS3035RES200mN2894000E3770800",39,10.9,1.8,0,2.7,10,0,720288.3,829.9,0,10.9,9.1,0,0.9,0.9,0,0,3.6,0,2.7,1.8,0.9,9.1,5.4,6.4,7.3,1.8,0,0,"11","Île-de-France","FR10","fr:Île-de-France",12069
"58722","CRS3035RES200mN2894200E3771600","CRS3035RES1000mN2894000E3771000",0,"CRS3035RES1000mN2894000E3771000",870056,"93057",0,"CRS3035RES200mN2894200E3771600",69,22,4,7,5,16,2,1202304.2,1543,4,18,16,1,2,3,0,0,6,4,4,7,4,15,14,4,6,0,5,0,"11","Île-de-France","FR10","fr:Île-de-France",12069
"58751","CRS3035RES200mN2895000E3771000","CRS3035RES1000mN2895000E3771000",0,"CRS3035RES1000mN2895000E3771000",870094,"93010",0,"CRS3035RES200mN2895000E3771000",542,169,40,32,32,94,23,9428222,11647,115,54,1,85,49,34,0,63,39,15,50,48,40,121,83,68,54,15,9,0,"11","Île-de-France","FR10","fr:Île-de-France",12069
"58752","CRS3035RES200mN2894200E3770600","CRS3035RES1000mN2894000E3770000",0,"CRS3035RES1000mN2894000E3770000",870128,"93010",0,"CRS3035RES200mN2894200E3770600",291.5,90,23,20,23,65,11,4896763,6172,64,26,17,9,60,4,0,0,27,19,22.5,23,12,70,47,35,20,10,6,0,"11","Île-de-France","FR10","fr:Île-de-France",12069
"58780","CRS3035RES200mN2892200E3770200","CRS3035RES1000mN2892000E3770000",0,"CRS3035RES1000mN2892000E3770000",866397,"93010",0,"CRS3035RES200mN2892200E3770200",472.5,184,25,57,26,151,15,10026956.3,12712,140,44,11,116,43,14,0,0,30,12,27,42.5,26,105,85,59,54,23,9,0,"11","Île-de-France","FR10","fr:Île-de-France",12069
"58795","CRS3035RES200mN2894800E3770600","CRS3035RES1000mN2894000E3770000",0,"CRS3035RES1000mN2894000E3770000",870141,"93010",0,"CRS3035RES200mN2894800E3770600",2012.5,679,294,176,137,4,162,26644511.7,37604,675,4,0,626,0,53,0,675,169.5,85.5,179,233,154.5,395,368,209,150,42,27,0,"11","Île-de-France","FR10","fr:Île-de-France",12069
"58799","CRS3035RES200mN2894800E3770800","CRS3035RES1000mN2894000E3770000",0,"CRS3035RES1000mN2894000E3770000",870135,"93010",0,"CRS3035RES200mN2894800E3770800",574,160,57,30,44,30,25,8453126.6,11446,126,34,8,138,13,1,0,126,38,12,41,80,40,93,109,66,64,17,14,0,"11","Île-de-France","FR10","fr:Île-de-France",12069
"58836","CRS3035RES200mN2895000E3770200","CRS3035RES1000mN2895000E3770000",0,"CRS3035RES200mN2895000E3770200",870116,"93008",0,"CRS3035RES200mN2895000E3770200",630,193,46,41,47,145,22,11074199,13737,114,79,31,104,28,30,0,0,49,30,60,55,48,134,116,69,48,12,9,0,"11","Île-de-France","FR10","fr:Île-de-France",12069
"58844","CRS3035RES200mN2893200E3771400","CRS3035RES1000mN2893000E3771000",0,"CRS3035RES1000mN2893000E3771000",866408,"93010",0,"CRS3035RES200mN2893200E3771400",209,83,20,26,9,19,10,3787145.3,5097,73,10,13,34,1,35,0,52,9,8,11,16,14,45,41,27,26,11,1,0,"11","Île-de-France","FR10","fr:Île-de-France",12069
"58847","CRS3035RES200mN2894400E3771200","CRS3035RES1000mN2894000E3771000",0,"CRS3035RES1000mN2894000E3771000",870065,"93010",0,"CRS3035RES200mN2894400E3771200",384,117,31,22,28,78,9,7166650.8,9369,34,83,49,32,9,27,0,19,28,12,24,46,20,87,78,42,30,12,5,0,"11","Île-de-France","FR10","fr:Île-de-France",12069
"58882","CRS3035RES200mN2893200E3769800","CRS3035RES1000mN2893000E3769000",0,"CRS3035RES1000mN2893000E3769000",866325,"93053",0,"CRS3035RES200mN2893200E3769800",369,112,23,22,26,89,16,6962715.9,7893,65,47,37,62,8,5,0,0,26,9,31,32,22,88,77,41,26,7,10,0,"11","Île-de-France","FR10","fr:Île-de-France",12069
"58886","CRS3035RES200mN2893200E3771800","CRS3035RES1000mN2893000E3771000",0,"CRS3035RES1000mN2893000E3771000",866409,"93010",0,"CRS3035RES200mN2893200E3771800",265.5,88,11,19,13,68,11,5419404.8,7095,15,73,53,15,10,10,0,0,15,14,21,16.5,12,63,44,33,29,9,9,0,"11","Île-de-France","FR10","fr:Île-de-France",12069
"58903","CRS3035RES200mN2892200E3770400","CRS3035RES1000mN2892000E3770000",0,"CRS3035RES1000mN2892000E3770000",866391,"93010",0,"CRS3035RES200mN2892200E3770400",275.5,94,10,17,15,80,7,6593939.6,7788,10,84,52,17,20,5,0,0,14,5,31,25.5,10,44,64,33,32,12,5,0,"11","Île-de-France","FR10","fr:Île-de-France",12069
"58919","CRS3035RES200mN2894000E3771000","CRS3035RES1000mN2894000E3771000",0,"CRS3035RES1000mN2894000E3771000",870058,"93010",0,"CRS3035RES200mN2894000E3771000",142,44,12,12,12,35,3,2836020.5,3248,8,36,34,6,2,2,0,0,5,4,5,16,14,24,27,28,11,5,3,0,"11","Île-de-France","FR10","fr:Île-de-France",12069
"58985","CRS3035RES200mN2892200E3770800","CRS3035RES1000mN2892000E3770000",0,"CRS3035RES1000mN2892000E3770000",866385,"93010",0,"CRS3035RES200mN2892200E3770800",169,59,3,11,4,51,5,4527218.2,5362,6,53,22,7,10,20,0,0,5,2,10,12.5,9.5,26,46,21,17,11,9,0,"11","Île-de-France","FR10","fr:Île-de-France",12069
"59008","CRS3035RES200mN2894400E3770600","CRS3035RES1000mN2894000E3770000",0,"CRS3035RES1000mN2894000E3770000",870140,"93010",0,"CRS3035RES200mN2894400E3770600",1072.5,403,197,127,63,176,20,15342391.8,16428,210,193,7,189,158,49,0,207,46,27,56.5,120.5,53,154,198,194,166,48,9.5,0,"11","Île-de-France","FR10","fr:Île-de-France",12069
"59024","CRS3035RES200mN2892200E3771200","CRS3035RES1000mN2892000E3771000",0,"CRS3035RES200mN2892200E3771200",866446,"93010",0,"CRS3035RES200mN2892200E3771200",492,153,30,28,32,62,26,8565004.7,10802,89,64,46,95,4,8,0,84,34.5,22,48.5,49,32,114,96,42,33,9,12,0,"11","Île-de-France","FR10","fr:Île-de-France",12069
"59075","CRS3035RES200mN2891800E3771200","CRS3035RES1000mN2891000E3771000",0,"CRS3035RES200mN2891800E3771200",862828,"93077",0,"CRS3035RES200mN2891800E3771200",187.5,67,7,18,12,55,4,4130584.3,4803,16,51,12,53,0,2,0,0,14,6,8,20.5,6,38,44,19,16,13,3,0,"11","Île-de-France","FR10","fr:Île-de-France",12069
"59078","CRS3035RES200mN2893400E3770600","CRS3035RES1000mN2893000E3770000",0,"CRS3035RES200mN2893400E3770600",866460,"93010",0,"CRS3035RES200mN2893400E3770600",307,126,24,54,16,40,20,5340927.2,7622,116,10,17,10,28,71,0,36,31.5,12,31.5,18,18,77,59,21,22,13,4,0,"11","Île-de-France","FR10","fr:Île-de-France",12069
"59084","CRS3035RES200mN2894800E3771000","CRS3035RES1000mN2894000E3771000",0,"CRS3035RES1000mN2894000E3771000",870053,"93010",0,"CRS3035RES200mN2894800E3771000",30,11,2,3,1,9,0,613944.7,891,3,8,4,0,2,5,0,0,3,1,3,0,1,8,4,6,3,1,0,0,"11","Île-de-France","FR10","fr:Île-de-France",12069
"59088","CRS3035RES200mN2893200E3770200","CRS3035RES1000mN2893000E3770000",0,"CRS3035RES200mN2893200E3770200",866463,"93010",0,"CRS3035RES200mN2893200E3770200",458.5,166,44,44,22,105,22,9442223.6,10656,101,65,93,32,3,38,0,9,32,13,37,45.5,19,95,100,43,52,16,6,0,"11","Île-de-France","FR10","fr:Île-de-France",12069
"59126","CRS3035RES200mN2893200E3772000","CRS3035RES1000mN2893000E3772000",0,"CRS3035RES200mN2893200E3772000",866512,"93057",0,"CRS3035RES200mN2893200E3772000",287,100,14,21,12,83,9,6977707,8379,19,81,69,11,13,7,0,0,14,9,27,29,12,45,67,27,27,18,12,0,"11","Île-de-France","FR10","fr:Île-de-France",12069
"59185","CRS3035RES200mN2892200E3771000","CRS3035RES1000mN2892000E3771000",0,"CRS3035RES200mN2892200E3771000",866439,"93010",0,"CRS3035RES200mN2892200E3771000",383,130,37,29,25,0,36,5888832.2,8010,130,0,0,130,0,0,0,130,34,16,50,53,19,78,75,35,14,7,2,0,"11","Île-de-France","FR10","fr:Île-de-France",12069
"59189","CRS3035RES200mN2892200E3769800","CRS3035RES1000mN2892000E3769000",0,"CRS3035RES1000mN2892000E3769000",866339,"93053",0,"CRS3035RES200mN2892200E3769800",213.5,62,9,9,14,54,3,4205292.2,4418,42,20,15,45,0,2,0,0,13,7,13,32.5,11,40,46,23,20,4,4,0,"11","Île-de-France","FR10","fr:Île-de-France",12069
"59197","CRS3035RES200mN2891800E3771000","CRS3035RES1000mN2891000E3771000",0,"CRS3035RES200mN2891800E3771000",862839,"93077",0,"CRS3035RES200mN2891800E3771000",905.5,273,92,53,70,3,69,13280193.9,20321,270,3,0,272,1,0,0,270,63.5,37.5,85.5,120,79,176,168,109,54,8,5,0,"11","Île-de-France","FR10","fr:Île-de-France",12069
"59210","CRS3035RES200mN2894400E3770400","CRS3035RES1000mN2894000E3770000",0,"CRS3035RES1000mN2894000E3770000",870137,"93010",0,"CRS3035RES200mN2894400E3770400",658.5,185,80,30,47,16,41,8874545.4,11871,168,17,10,172,2,1,0,167,35.5,18.5,47.5,103,54,106,117,79,58,16,24,0,"11","Île-de-France","FR10","fr:Île-de-France",12069
"59212","CRS3035RES200mN2893800E3770000","CRS3035RES1000mN2893000E3770000",0,"CRS3035RES200mN2893800E3770000",866454,"93010",0,"CRS3035RES200mN2893800E3770000",126,51,19,19,4,0,11,1690797.6,3205,51,0,0,0,51,0,0,51,3,4,13,9,6,26,27,14,15,8,1,0,"11","Île-de-France","FR10","fr:Île-de-France",12069
"59266","CRS3035RES200mN2892200E3771400","CRS3035RES1000mN2892000E3771000",0,"CRS3035RES200mN2892200E3771400",866430,"93010",0,"CRS3035RES200mN2892200E3771400",195,64,14,11,12,50,1,4197704.8,4889,10,54,54,3,3,4,0,0,11,5,12,13,20,36,48,31,9,6,4,0,"11","Île-de-France","FR10","fr:Île-de-France",12069
"59281","CRS3035RES200mN2893400E3770200","CRS3035RES1000mN2893000E3770000",0,"CRS3035RES200mN2893400E3770200",866458,"93010",0,"CRS3035RES200mN2893400E3770200",286,106,16,26,9,72,5,6735016.4,8180,53,53,79,6,15,6,0,0,18,4,21,19,12,59,57,37,34,14,11,0,"11","Île-de-France","FR10","fr:Île-de-France",12069
"59319","CRS3035RES200mN2891800E3770800","CRS3035RES1000mN2891000E3770000",0,"CRS3035RES1000mN2891000E3770000",862809,"93077",0,"CRS3035RES200mN2891800E3770800",351.5,110,25,26,25,1,27,5392930.5,8588,109,1,0,109,1,0,0,109,18.5,10,46,44,31,71,52,49,23,5,2,0,"11","Île-de-France","FR10","fr:Île-de-France",12069
"59328","CRS3035RES200mN2893200E3770000","CRS3035RES1000mN2893000E3770000",0,"CRS3035RES200mN2893200E3770000",866462,"93010",0,"CRS3035RES200mN2893200E3770000",394,142,29,42,21,92,21,7594778.6,8602,96,46,61,51,7,23,0,0,32,17,34,34,18,95,84,27,30,15,8,0,"11","Île-de-France","FR10","fr:Île-de-France",12069
"59346","CRS3035RES200mN2892200E3771600","CRS3035RES1000mN2892000E3771000",0,"CRS3035RES200mN2892200E3771600",866429,"93010",0,"CRS3035RES200mN2892200E3771600",177,58,12,14,11,36,4,3692608.9,4041,24,34,41,10,4,3,0,0,17,7,12,21,9,38,37,21,10,3,2,0,"11","Île-de-France","FR10","fr:Île-de-France",12069
"59388","CRS3035RES200mN2892200E3770000","CRS3035RES1000mN2892000E3770000",1,"CRS3035RES1000mN2892000E3770000",866380,"93010",0,"CRS3035RES200mN2892200E3770000",6,1.8,0.2,0.6,0.7,1.7,0,124843.4,147.1,0.2,1.6,0.6,0.9,0,0.3,0,0,0.3,0.6,0.5,1,0.4,1.1,1.1,0.2,0.6,0.2,0,0,"11","Île-de-France","FR10","fr:Île-de-France",12069
"59406","CRS3035RES200mN2894000E3769800","CRS3035RES1000mN2894000E3769000",0,"CRS3035RES200mN2894000E3769800",869957,"93008",0,"CRS3035RES200mN2894000E3769800",251,73,28,10,21,50,5,3577028,4811,32,41,42,15,5,11,0,0,8,6,15,36,21,30,61,31,31,8,4,0,"11","Île-de-France","FR10","fr:Île-de-France",12069
"59411","CRS3035RES200mN2894400E3770200","CRS3035RES1000mN2894000E3770000",0,"CRS3035RES1000mN2894000E3770000",870124,"93008",0,"CRS3035RES200mN2894400E3770200",248,63,22,8,22,12,14,3435956.1,4330,50,13,10,51,2,0,0,48,10,4,27,33,12,57,40,41,14,1,9,0,"11","Île-de-France","FR10","fr:Île-de-France",12069
"59435","CRS3035RES200mN2893400E3771600","CRS3035RES1000mN2893000E3771000",0,"CRS3035RES1000mN2893000E3771000",866405,"93010",0,"CRS3035RES200mN2893400E3771600",212.5,75,19,17,9,60,7,4135781,6465,9,66,36,19,8,12,0,0,12.5,5,16,19,15,37,45,27,23,10,3,0,"11","Île-de-France","FR10","fr:Île-de-France",12069
"59443","CRS3035RES200mN2893400E3770400","CRS3035RES1000mN2893000E3770000",0,"CRS3035RES200mN2893400E3770400",866469,"93010",0,"CRS3035RES200mN2893400E3770400",524.5,214,29,70,23,146,22,11192391.7,14401,197,17,13,134,67,0,0,19,41,17,42.5,37,13,133,85,57,57,38,4,0,"11","Île-de-France","FR10","fr:Île-de-France",12069
"59450","CRS3035RES200mN2894200E3771200","CRS3035RES1000mN2894000E3771000",0,"CRS3035RES1000mN2894000E3771000",870054,"93010",0,"CRS3035RES200mN2894200E3771200",31,13,0,5,2,2,3,702359.2,1019,11,2,1,1,0,11,0,0,0,0,3,4,3,3,9,5,1,0,3,0,"11","Île-de-France","FR10","fr:Île-de-France",12069
"59452","CRS3035RES200mN2894400E3771800","CRS3035RES1000mN2894000E3771000",1,"CRS3035RES1000mN2894000E3771000",870052,"93057",0,NA,15,3.9,0.6,0.6,1.3,0.4,0.4,266581.3,276.9,3.5,0.4,1.7,0.9,0,1.3,0,0,1.1,0.9,2.5,0.9,0.7,4.1,2.8,0.8,0.6,0,0.6,0,"11","Île-de-France","FR10","fr:Île-de-France",12069
"59465","CRS3035RES200mN2893400E3771400","CRS3035RES1000mN2893000E3771000",0,"CRS3035RES1000mN2893000E3771000",866424,"93010",0,"CRS3035RES200mN2893400E3771400",527,246,66,109,20,14,40,8728982,13051,232,14,7,178,2,59,0,232,27.5,15,33.5,41,23,102,111,57,73,37,7,0,"11","Île-de-France","FR10","fr:Île-de-France",12069
"59477","CRS3035RES200mN2893400E3772000","CRS3035RES1000mN2893000E3772000",0,"CRS3035RES200mN2893400E3772000",866520,"93057",0,"CRS3035RES200mN2893400E3772000",398.5,132,24,31,30,72,18,8059822.8,10878,35,97,54,16,43,19,0,15,17,8,29,45,34.5,52,90,57,38,10,18,0,"11","Île-de-France","FR10","fr:Île-de-France",12069
"59506","CRS3035RES200mN2895000E3771600","CRS3035RES1000mN2895000E3771000",0,"CRS3035RES1000mN2895000E3771000",870073,"93005",0,"CRS3035RES200mN2895000E3771600",112,32,2,3,9,27,5,2810297.3,2841,1,31,4,20,1,7,0,0,10,6.5,13,12.5,2,25,19,11,10,3,0,0,"11","Île-de-France","FR10","fr:Île-de-France",12069
"59546","CRS3035RES200mN2893400E3771800","CRS3035RES1000mN2893000E3771000",0,"CRS3035RES1000mN2893000E3771000",866415,"93010",0,"CRS3035RES200mN2893400E3771800",292,103,12,23,17,86,8,6254372.3,8697,6,97,67,10,11,15,0,0,11,11,21,26,15,58,68,28,32,13,9,0,"11","Île-de-France","FR10","fr:Île-de-France",12069
"59562","CRS3035RES200mN2891800E3770600","CRS3035RES1000mN2891000E3770000",1,"CRS3035RES1000mN2891000E3770000",862807,"93010",0,"CRS3035RES200mN2891800E3770600",3,1,0,0,0.1,0.4,0.2,71713.7,90.4,0.5,0.5,0.3,0.2,0.3,0.2,0,0,0.2,0.2,0.2,0.2,0.3,0.5,0.8,0.4,0.2,0,0,0,"11","Île-de-France","FR10","fr:Île-de-France",12069
"59587","CRS3035RES200mN2893400E3771000","CRS3035RES1000mN2893000E3771000",0,"CRS3035RES1000mN2893000E3771000",866422,"93010",0,"CRS3035RES200mN2893400E3771000",412.5,157,42,52,25,0,29,6517596.1,8525,157,0,0,157,0,0,0,156,37,14,33,36.5,31,87,83,36,32,20,3,0,"11","Île-de-France","FR10","fr:Île-de-France",12069
"59590","CRS3035RES200mN2892200E3770600","CRS3035RES1000mN2892000E3770000",0,"CRS3035RES1000mN2892000E3770000",866394,"93010",0,"CRS3035RES200mN2892200E3770600",418,156,23,41,15,110,15,9074221,10897,64,92,53,17,76,10,0,0,28,11,32,33,17,106,81,57,34,13,6,0,"11","Île-de-France","FR10","fr:Île-de-France",12069
"59670","CRS3035RES200mN2892200E3771800","CRS3035RES1000mN2892000E3771000",0,"CRS3035RES200mN2892200E3771800",866444,"93077",0,"CRS3035RES200mN2892200E3771800",333,143,27,49,10,87,11,7264932.8,8099,97,46,77,5,2,59,0,0,23,5,22,25,14,88,70,33,25,19,9,0,"11","Île-de-France","FR10","fr:Île-de-France",12069
"59754","CRS3035RES200mN2893400E3769800","CRS3035RES1000mN2893000E3769000",0,"CRS3035RES1000mN2893000E3769000",866320,"93010",0,"CRS3035RES200mN2893400E3769800",209,65,22,16,16,37,10,3200245.8,3665,33,32,52,3,0,9,1,0,13,5,30,21,12,48,43,11,15,6,5,0,"11","Île-de-France","FR10","fr:Île-de-France",12069
"59790","CRS3035RES200mN2893400E3771200","CRS3035RES1000mN2893000E3771000",0,"CRS3035RES1000mN2893000E3771000",866404,"93010",0,"CRS3035RES200mN2893400E3771200",172,50,12,4,8,39,3,3384821.8,3842,8,42,27,17,4,2,0,0,15,7,11,14,9,32,32,26,21,4,1,0,"11","Île-de-France","FR10","fr:Île-de-France",12069
"59891","CRS3035RES200mN2893400E3770800","CRS3035RES1000mN2893000E3770000",0,"CRS3035RES200mN2893400E3770800",866467,"93010",0,"CRS3035RES200mN2893400E3770800",518,208,38,67,18,162,20,10668586.7,13387,208,0,0,24,82,102,0,0,45,19,33,26,37,128,95,55,57,13,10,0,"11","Île-de-France","FR10","fr:Île-de-France",12069
