pays;agriculture;industrie;services
Bahrain;0.0;9.5;90.4
Qatar;0.0;4.9;95.0
Hong Kong SAR, China;0.1;4.2;95.6
Guam;0.1;3.9;96.0
Puerto Rico (US);0.1;7.0;92.9
Singapore;0.1;10.5;89.3
United Arab Emirates;0.1;5.6;94.4
Kuwait;0.2;6.6;93.3
Argentina;0.3;9.2;90.5
Oman;0.3;10.1;89.5
Luxembourg;0.4;4.4;95.2
Malta;0.4;8.6;90.9
Virgin Islands (U.S.);0.4;5.6;94.1
Macao SAR, China;0.5;3.6;95.9
Israel;0.5;7.4;92.1
Belgium;0.6;8.4;90.9
United Kingdom;0.6;7.8;91.6
Brunei Darussalam;0.7;9.0;90.3
Sweden;0.7;7.1;92.2
Germany;0.8;13.9;85.3
Djibouti;0.9;0.8;98.3
Barbados;1.0;8.8;90.2
Canada;1.0;8.3;90.6
Norway;1.0;6.9;92.0
United States;1.0;8.6;90.5
North America;1.0;8.6;90.5
Bahamas, The;1.1;3.2;95.7
Denmark;1.1;8.8;90.1
Jordan;1.1;6.8;92.1
New Caledonia;1.1;7.9;91.0
Ireland;1.2;8.8;89.9
Cyprus;1.3;7.0;91.7
French Polynesia;1.3;6.6;92.1
Slovak Republic;1.3;20.2;78.4
Channel Islands;1.4;6.7;91.9
Dominican Republic;1.4;9.3;89.2
Iceland;1.4;7.2;91.4
Netherlands;1.4;6.3;92.3
Trinidad and Tobago;1.4;12.2;86.4
Estonia;1.5;17.6;80.9
France;1.5;9.5;89.0
Lebanon;1.5;6.6;91.8
Australia;1.7;7.5;90.8
Czechia;1.7;23.6;74.7
Saudi Arabia;1.9;3.7;94.4
Switzerland;1.9;10.3;87.8
Greece;10.1;7.9;82.0
Tunisia;10.4;32.8;56.8
Eswatini;10.6;18.0;71.4
Guatemala;11.0;16.1;72.9
Sao Tome and Principe;11.1;23.5;65.4
Ukraine;11.6;14.4;73.9
Kazakhstan;12.2;12.0;75.9
Tonga;12.2;37.6;50.1
North Macedonia;12.7;26.3;60.9
Honduras;12.8;17.9;69.3
Paraguay;13.0;8.8;78.3
Serbia;13.3;19.1;67.6
Philippines;13.8;9.8;76.5
Iraq;14.8;11.9;73.3
Uzbekistan;16.3;14.1;69.6
Benin;16.5;24.7;58.9
South Africa;17.4;10.2;72.4
Senegal;17.7;11.1;71.2
Lesotho;18.3;38.2;43.5
Upper middle income;18.8;22.7;58.5
Iran, Islamic Rep.;19.7;26.9;53.4
Fiji;19.8;7.8;72.4
Spain;2.0;9.4;88.5
Finland;2.1;8.8;89.1
Maldives;2.2;23.3;74.5
Italy;2.4;13.0;84.6
High income;2.4;11.6;86.0
Japan;2.8;13.8;83.4
Hungary;2.9;20.2;77.0
Samoa;20.0;7.7;72.2
Bosnia and Herzegovina;20.5;17.2;62.3
Namibia;20.5;7.7;71.8
China;20.7;28.1;51.2
Romania;21.0;20.9;58.1
East Asia & Pacific;21.2;23.6;55.2
Egypt, Arab Rep.;21.4;9.4;69.2
Turkmenistan;22.5;26.7;50.8
Peru;23.8;8.9;67.3
Turkiye;24.8;16.0;59.3
World;25.2;17.0;57.7
Sri Lanka;26.2;26.7;47.1
Mongolia;26.4;13.8;59.9
Togo;26.5;17.4;56.2
Indonesia;26.6;16.6;56.8
Ecuador;27.2;9.8;63.0
Bolivia;27.8;11.7;60.5
Thailand;28.3;19.8;51.9
Somalia, Fed. Rep.;29.9;13.4;56.8
St. Lucia;3.0;6.4;90.6
Austria;3.2;11.8;85.0
Algeria;3.4;23.8;72.7
El Salvador;3.4;17.6;79.0
Slovenia;3.4;20.4;76.1
Portugal;3.6;15.0;81.4
New Zealand;3.7;9.0;87.3
Uruguay;3.7;8.6;87.7
Venezuela, RB;3.7;11.6;84.6
Mauritius;3.8;14.4;81.9
St. Vincent and the Grenadines;3.8;5.7;90.5
Burkina Faso;30.2;22.3;47.5
Nigeria;30.7;12.0;57.3
Mauritania;30.8;10.3;58.9
Congo, Rep.;30.9;23.4;45.8
Kyrgyz Republic;31.5;12.0;56.5
Haiti;33.1;10.4;56.5
Papua New Guinea;34.2;2.3;63.6
Ghana;35.3;16.1;48.6
Comoros;35.6;12.4;52.1
Kenya;35.7;10.3;54.0
Viet Nam;35.9;24.9;39.2
Middle East, North Africa, Afghanistan & Pakistan;37.3;14.5;48.2
Solomon Islands;39.1;4.5;56.3
Cote d'Ivoire;39.6;6.2;54.2
Brazil;4.0;10.7;85.3
Russian Federation;4.0;15.4;80.6
Lithuania;4.2;16.5;79.3
Bulgaria;4.3;22.2;73.5
Chile;4.3;9.9;85.8
Latvia;4.3;11.9;83.7
Mexico;4.3;16.9;78.8
Croatia;4.4;16.1;79.5
Korea, Rep.;4.8;12.9;82.2
Georgia;40.3;5.7;54.0
Cambodia;40.9;23.1;36.1
Azerbaijan;41.3;6.4;52.3
Albania;41.6;16.2;42.2
Liberia;42.7;4.1;53.2
Myanmar;43.5;16.7;39.8
Gabon;43.6;16.0;40.4
Gambia, The;43.6;4.6;51.8
Timor-Leste;43.9;7.8;48.3
Sierra Leone;44.1;5.6;50.3
Vanuatu;44.6;5.5;49.9
Lower middle income;45.2;15.4;39.4
Yemen, Rep.;46.9;13.1;40.0
Cameroon;47.8;11.8;40.4
Sub-Saharan Africa;49.7;8.6;41.7
Cabo Verde;5.4;11.3;83.3
Suriname;5.9;11.6;82.5
Morocco;50.5;13.8;35.7
Sudan;51.4;3.1;45.5
Korea, Dem. People's Rep.;53.6;9.3;37.1
India;53.8;18.5;27.7
South Asia;54.1;18.4;27.5
Guinea-Bissau;55.5;12.6;31.9
Ethiopia;56.3;5.8;37.9
Bangladesh;56.9;17.2;25.9
Rwanda;57.3;8.9;33.8
Afghanistan;58.5;25.5;16.0
Moldova;59.3;7.1;33.6
Angola;59.6;1.9;38.5
Malaysia;6.0;19.5;74.5
Colombia;6.3;14.4;79.3
Montenegro;6.6;8.0;85.4
West Bank and Gaza;6.7;7.8;85.4
Tajikistan;61.6;5.7;32.7
Armenia;61.7;5.3;33.0
Equatorial Guinea;61.7;5.0;33.2
Bhutan;62.4;12.1;25.5
Zambia;62.6;3.0;34.4
Low income;63.5;7.6;29.0
Guinea;64.2;2.4;33.4
Eritrea;64.9;5.7;29.4
Congo, Dem. Rep.;65.0;6.1;28.9
Mali;65.0;7.4;27.6
Lao PDR;65.6;6.9;27.5
Zimbabwe;66.9;4.5;28.6
Niger;67.2;9.6;23.2
Tanzania;67.6;4.2;28.3
Malawi;67.7;5.2;27.1
Pakistan;69.3;13.8;16.9
Uganda;69.3;2.8;27.9
Europe & Central Asia;7.0;13.2;79.8
Belize;7.1;8.5;84.4
Guyana;7.3;11.4;81.3
Cuba;7.4;10.4;82.2
Libya;7.4;9.7;82.9
Belarus;7.5;18.7;73.7
Latin America & Caribbean;7.5;12.0;80.5
Chad;70.1;13.1;16.8
Madagascar;70.6;9.4;20.0
South Sudan;73.4;7.3;19.3
Nepal;74.5;15.1;10.4
Central African Republic;75.1;4.8;20.1
Poland;8.1;17.5;74.4
Jamaica;8.2;5.7;86.0
Nicaragua;8.3;13.6;78.1
Panama;8.3;9.5;82.1
Botswana;8.5;8.1;83.4
Syrian Arab Republic;8.9;6.4;84.7
Mozambique;80.0;3.3;16.7
Costa Rica;9.1;9.7;81.2
Burundi;92.9;0.6;6.4
American Samoa;NA;NA;NA
Andorra;NA;NA;NA
Antigua and Barbuda;NA;NA;NA
Aruba;NA;NA;NA
Bermuda;NA;NA;NA
Cayman Islands;NA;NA;NA
Curacao;NA;NA;NA
Dominica;NA;NA;NA
Faroe Islands;NA;NA;NA
Greenland;NA;NA;NA
Grenada;NA;NA;NA
Isle of Man;NA;NA;NA
Kiribati;NA;NA;NA
Kosovo;NA;NA;NA
Liechtenstein;NA;NA;NA
Marshall Islands;NA;NA;NA
Micronesia, Fed. Sts.;NA;NA;NA
Monaco;NA;NA;NA
Northern Mariana Islands;NA;NA;NA
Palau;NA;NA;NA
San Marino;NA;NA;NA
Seychelles;NA;NA;NA
Sint Maarten (Dutch part);NA;NA;NA
St. Kitts and Nevis;NA;NA;NA
St. Martin (French part);NA;NA;NA
Turks and Caicos Islands;NA;NA;NA
Tuvalu;NA;NA;NA
;;;
;;;
;;;
;;;
;;;
;;;
;;;
;;;
;;;
;;;
;;;
;;;
;;;
;;;
;;;
;;;
;;;
;;;
;;;
;;;
;;;
;;;
;;;
;;;
;;;
;;;
;;;
;;;
;;;
;;;
;;;
;;;
;;;
;;;
;;;
;;;
;;;
;;;
;;;
;;;
;;;
;;;
;;;
;;;
;;;
;;;
;;;
;;;
;;;
;;;
;;;
