"";"dpt";"idcar_200m";"idcar_1km";"idcar_nat";"i_est_200";"i_est_1km";"lcog_geo";"ind";"men";"men_pauv";"men_1ind";"men_5ind";"men_prop";"men_fmp";"ind_snv";"men_surf";"men_coll";"men_mais";"log_av45";"log_45_70";"log_70_90";"log_ap90";"log_inc";"log_soc";"ind_0_3";"ind_4_5";"ind_6_10";"ind_11_17";"ind_18_24";"ind_25_39";"ind_40_54";"ind_55_64";"ind_65_79";"ind_80p"
"449704";"12";"CRS3035RES200mN2388400E3728000";"CRS3035RES1000mN2388000E3728000";"CRS3035RES1000mN2388000E3728000";1;0;"1220212174";9;4,7;0,1;1,2;0;4;0,6;231686,3;459,1;0,6;4,1;1,4;0,3;1,5;1,5;0;0;0,1;0,2;0,4;0,4;0,2;1;1;3,2;2,1;0,4
"449705";"12";"CRS3035RES200mN2388400E3728200";"CRS3035RES1000mN2388000E3728000";"CRS3035RES1000mN2388000E3728000";1;0;"122021214612174";3;1,6;0;0,4;0;1,3;0,2;77228,8;153;0,2;1,4;0,5;0,1;0,5;0,5;0;0;0,1;0,1;0,1;0,1;0,1;0,3;0,3;1,1;0,7;0,1
"449706";"12";"CRS3035RES200mN2388400E3728400";"CRS3035RES1000mN2388000E3728000";"CRS3035RES1000mN2388000E3728000";1;0;"1220212146";5;2,6;0,1;0,7;0;2,2;0,3;128714,6;255;0,3;2,3;0,8;0,2;0,8;0,8;0;0;0,1;0,1;0,2;0,2;0,1;0,6;0,6;1,8;1,1;0,2
"450162";"12";"CRS3035RES200mN2388600E3727800";"CRS3035RES1000mN2388000E3727000";"CRS3035RES1000mN2388000E3727000";1;0;"1220212174";8;4,1;0,4;1,6;0;3,5;0,4;180768;340,1;0,6;3,5;1,9;0,6;1;0,6;0;0;0,6;0,4;0;0,4;0,4;1,2;1,7;0,6;1,7;1
"450163";"12";"CRS3035RES200mN2388600E3728000";"CRS3035RES1000mN2388000E3728000";"CRS3035RES1000mN2388000E3728000";0;0;"12202";88;44;3;16;1;37;5;2367210;4661;15;29;0;6;31;7;0;0;3;3;2;4;5;14;13;14;18;12
"450164";"12";"CRS3035RES200mN2388600E3728200";"CRS3035RES1000mN2388000E3728000";"CRS3035RES1000mN2388000E3728000";0;0;"12202";212;114;11;57;4;70;12;4972298,8;8630;85;29;6;76;30;2;0;0;7;5;6,5;21,5;12;27;52;29;34;18
"450165";"12";"CRS3035RES200mN2388600E3728400";"CRS3035RES1000mN2388000E3728000";"CRS3035RES1000mN2388000E3728000";0;0;"12202";109,5;60;12;28;2;29;5;2822358,5;5781;41;19;12;41;6;1;0;20;1;2;3,5;7;9;10;17;33;14;13
"450166";"12";"CRS3035RES200mN2388600E3728600";"CRS3035RES1000mN2388000E3728000";"CRS3035RES1000mN2388000E3728000";0;0;"1220212146";85,5;43;5;18;3;29;8;1833015,8;3382;41;2;4;31;3;5;0;0;2;0;5;10,5;6;13;20;5;17;7
"450606";"12";"CRS3035RES200mN2388800E3727800";"CRS3035RES1000mN2388000E3727000";"CRS3035RES1000mN2388000E3727000";0;0;"1220212174";37;25;7;17;0;13;2;654305,3;1529;23;2;0;23;0;2;0;0;0;1;1;1;4;16;4;5;5;0
"450607";"12";"CRS3035RES200mN2388800E3728000";"CRS3035RES1000mN2388000E3728000";"CRS3035RES1000mN2388000E3728000";0;0;"12202";133,5;68;7;31;3;48;6;2910429,2;6215;22;46;3;24;34;7;0;0;3;1,5;5;17;5;11;25;22;20;24
"450608";"12";"CRS3035RES200mN2388800E3728200";"CRS3035RES1000mN2388000E3728000";"CRS3035RES1000mN2388000E3728000";0;0;"12202";508,5;259;60;136;18;124;41;9153963;17951;236;23;6;116;78;59;0;94;28;19;31;51,5;30;73;68;64;94;50
"450609";"12";"CRS3035RES200mN2388800E3728400";"CRS3035RES1000mN2388000E3728000";"CRS3035RES1000mN2388000E3728000";0;0;"12202";213,5;134;18;80;0;75;18;4677741,7;8964;106;28;32;67;24;11;0;0;4;3;4;20,5;18;43;56;24;25;16
"450610";"12";"CRS3035RES200mN2388800E3728600";"CRS3035RES1000mN2388000E3728000";"CRS3035RES1000mN2388000E3728000";0;0;"12202";267;160;15;91;1;62;20;6900701,8;11397;154;6;16;32;0;111;1;16;10,5;3;13,5;19;30;60;57;29;31;13
"450611";"12";"CRS3035RES200mN2388800E3728800";"CRS3035RES1000mN2388000E3728000";"CRS3035RES1000mN2388000E3728000";0;0;"1220212146";228,5;114;11;55;6;64;10;5831526,4;10187;94;20;27;59;7;21;0;0;13;4;8,5;21,5;12,5;40;55;29;21;23
"450612";"12";"CRS3035RES200mN2388800E3729000";"CRS3035RES1000mN2388000E3729000";"CRS3035RES1000mN2388000E3729000";0;0;"1220212146";225;127;13;70;3;91;13;5544163,6;10635;95;32;0;79;46;2;0;0;5;5;10;15;15;37;53;24;41;19
"451037";"12";"CRS3035RES200mN2389000E3727800";"CRS3035RES1000mN2389000E3727000";"CRS3035RES1000mN2389000E3727000";0;0;"1220212174";162;84;21;41;4;14;13;3115441,5;6308;69;15;0;0;83;1;0;69;10;2;11,5;14,5;7;32;29;26;27;3
"451038";"12";"CRS3035RES200mN2389000E3728000";"CRS3035RES1000mN2389000E3728000";"CRS3035RES1000mN2389000E3728000";0;0;"12202";151;80;9;37;3;28;7;3119417,9;6003;49;31;0;77;3;0;0;39;7;6;7;8;9;21;30;24;25;14
"451039";"12";"CRS3035RES200mN2389000E3728200";"CRS3035RES1000mN2389000E3728000";"CRS3035RES1000mN2389000E3728000";0;0;"12202";254,5;137;37;73;6;52;22;4532317,9;9562;113;24;8;95;31;3;0;47;15;6;25,5;13,5;13,5;52;41;23;50;15
"451040";"12";"CRS3035RES200mN2389000E3728400";"CRS3035RES1000mN2389000E3728000";"CRS3035RES1000mN2389000E3728000";0;0;"12202";209;117;19;58;2;70;19;4790876,1;9954;96;21;31;74;3;9;0;22;7;4;8,5;15,5;11;40;35;38;22;28
"451041";"12";"CRS3035RES200mN2389000E3728600";"CRS3035RES1000mN2389000E3728000";"CRS3035RES1000mN2389000E3728000";0;0;"12202";454;268;60;159;6;104;26;9931085,6;19914;249;19;139;50;51;28;0;7;10,5;1;12,5;38;57;72;99;40;68;56
"451042";"12";"CRS3035RES200mN2389000E3728800";"CRS3035RES1000mN2389000E3728000";"CRS3035RES1000mN2389000E3728000";0;0;"12202";488;307;73;193;3;126;28;10840802,3;21253;278;29;165;26;68;47;1;22;12,5;6;19,5;24;48;92;88;64;81;53
"451043";"12";"CRS3035RES200mN2389000E3729000";"CRS3035RES1000mN2389000E3729000";"CRS3035RES1000mN2389000E3729000";0;0;"12202";128;94;15;62;0;41;7;3377156,3;6809;90;4;13;26;16;39;0;0;0;1;0;1,5;6,5;15;18;18;41;27
"451044";"12";"CRS3035RES200mN2389000E3729200";"CRS3035RES1000mN2389000E3729000";"CRS3035RES1000mN2389000E3729000";0;0;"12202";111,5;65;4;37;1;38;4;2846329,3;5546;55;10;0;13;50;2;0;0;2;2;3;6,5;9;19;21;19;28;2
"451045";"12";"CRS3035RES200mN2389000E3729400";"CRS3035RES1000mN2389000E3729000";"CRS3035RES1000mN2389000E3729000";1;0;"1220212146";2;1;0,1;0,3;0;0,7;0,1;59970,7;104,6;0,4;0,6;0,2;0,5;0,1;0,2;0;0;0,1;0;0,1;0,1;0,1;0,2;0,2;0,4;0,5;0,3
"451046";"12";"CRS3035RES200mN2389000E3730400";"CRS3035RES1000mN2389000E3730000";"CRS3035RES2000mN2388000E3730000";1;0;"1220212146";2;0,9;0;0,2;0;0,7;0;57296,9;104,1;0,1;0,8;0,2;0,1;0,4;0,2;0;0;0,1;0;0,1;0,1;0,1;0,2;0,5;0,3;0,5;0,1
"451047";"12";"CRS3035RES200mN2389000E3731000";"CRS3035RES1000mN2389000E3731000";"CRS3035RES2000mN2388000E3730000";1;0;"1220212241";3;1,5;0;0,4;0;1,4;0;85641,5;178,3;0,3;1,2;0,3;0;0,9;0,3;0;0;0;0;0,2;0,1;0,1;0,3;0,5;0,8;1;0
"451492";"12";"CRS3035RES200mN2389200E3727600";"CRS3035RES1000mN2389000E3727000";"CRS3035RES1000mN2389000E3727000";0;0;"12202";169,5;68;21;26;7;12;15;3119517,9;5117;56;12;0;61;4;3;0;52;8;7;19,5;16;9;29;25;22;20;7
"451493";"12";"CRS3035RES200mN2389200E3727800";"CRS3035RES1000mN2389000E3727000";"CRS3035RES1000mN2389000E3727000";0;0;"12202";83,5;46;4;21;1;34;3;2211163,4;4578;24;22;0;19;24;3;0;0;4;2;1;5,5;2;12;15;8;20;14
"451494";"12";"CRS3035RES200mN2389200E3728000";"CRS3035RES1000mN2389000E3728000";"CRS3035RES1000mN2389000E3728000";0;0;"12202";330,5;213;23;132;3;101;19;7816566,7;13541;203;10;4;50;82;77;0;12;13;3,5;10,5;12;29,5;77;59;40;64;21
"451495";"12";"CRS3035RES200mN2389200E3728200";"CRS3035RES1000mN2389000E3728000";"CRS3035RES1000mN2389000E3728000";0;0;"12202";330;199;21;117;7;123;14;8029635;14750;176;23;28;59;80;32;0;0;8,5;0;10,5;22;23;61;56;63;65;21
"451496";"12";"CRS3035RES200mN2389200E3728400";"CRS3035RES1000mN2389000E3728000";"CRS3035RES1000mN2389000E3728000";0;0;"12202";166,5;86;17;40;1;27;13;3882221,5;7266;81;5;23;33;25;5;0;0;10;2;8,5;14,5;12,5;31;31;15;26;16
"451497";"12";"CRS3035RES200mN2389200E3728600";"CRS3035RES1000mN2389000E3728000";"CRS3035RES1000mN2389000E3728000";0;0;"12202";195,5;114;20;63;3;47;14;4829775,5;9542;105;9;57;12;36;8;1;0;8;1,5;14;15;11;35;45;25;29;12
"451498";"12";"CRS3035RES200mN2389200E3728800";"CRS3035RES1000mN2389000E3728000";"CRS3035RES1000mN2389000E3728000";0;0;"12202";311,5;187;32;109;4;50;25;7498747,5;14340;179;8;134;11;18;24;0;0;6,5;7;10,5;22,5;39;57;64;40;40;25
"451499";"12";"CRS3035RES200mN2389200E3729000";"CRS3035RES1000mN2389000E3729000";"CRS3035RES1000mN2389000E3729000";0;0;"12202";321,5;207;32;131;3;87;25;7292568,8;14748;198;9;71;55;58;23;0;3;10;5;12;13;34;49,5;58;43;58;39
"451500";"12";"CRS3035RES200mN2389200E3729200";"CRS3035RES1000mN2389000E3729000";"CRS3035RES1000mN2389000E3729000";0;0;"12202";207;115;15;59;4;65;15;4811455,4;9111;87;28;1;89;9;16;0;0;6;3;11,5;14,5;16,5;44;43,5;28;16;24
"451501";"12";"CRS3035RES200mN2389200E3730000";"CRS3035RES1000mN2389000E3730000";"CRS3035RES2000mN2388000E3730000";1;0;"1220212146";12;5,2;0,2;1,2;0;4,3;0,2;343781,7;624,5;0,5;4,7;1;0,7;2,1;1,4;0;0;0,5;0;0,6;0,7;0,5;0,9;3,3;2,1;2,9;0,5
"451502";"12";"CRS3035RES200mN2389200E3730200";"CRS3035RES1000mN2389000E3730000";"CRS3035RES2000mN2388000E3730000";0;0;"12202";55;18;0;1;2;17;1;1950778,9;2590;0;18;3;0;0;15;0;0;1;1;4;7;5;5;17;10;5;0
"451503";"12";"CRS3035RES200mN2389200E3730800";"CRS3035RES1000mN2389000E3730000";"CRS3035RES2000mN2388000E3730000";1;0;"12202";2;0,9;0;0,2;0;0,7;0;57296,9;104,1;0,1;0,8;0,2;0,1;0,4;0,2;0;0;0,1;0;0,1;0,1;0,1;0,2;0,5;0,3;0,5;0,1
"451504";"12";"CRS3035RES200mN2389200E3731000";"CRS3035RES1000mN2389000E3731000";"CRS3035RES2000mN2388000E3730000";1;0;"1220212241";9;4,5;0;1,3;0;4,2;0;256924,5;535;0,8;3,7;0,8;0;2,6;1,1;0;0;0;0;0,5;0,2;0,3;0,8;1,6;2,4;3,2;0
"451958";"12";"CRS3035RES200mN2389400E3727400";"CRS3035RES1000mN2389000E3727000";"CRS3035RES1000mN2389000E3727000";0;0;"12202";127;90;6;62;1;56;7;2749375,7;5709;87;3;2;0;87;1;0;0;2,5;2;3;6;9,5;34;26;19;21;4
"451959";"12";"CRS3035RES200mN2389400E3727800";"CRS3035RES1000mN2389000E3727000";"CRS3035RES1000mN2389000E3727000";1;0;"12202";6,5;2,3;0,1;0,3;0,3;1,8;0,3;168039,3;216,5;0,4;1,9;0,3;1,5;0,2;0,3;0;0;0,4;0,2;0,6;1;0;1;1,8;0,6;0,4;0,5
"451960";"12";"CRS3035RES200mN2389400E3728000";"CRS3035RES1000mN2389000E3728000";"CRS3035RES1000mN2389000E3728000";0;0;"12202";175;101;20;60;3;49;6;3881178,6;7107;94;7;29;37;14;21;0;6;3;1,5;6;16;21,5;23;38;22;21;23
"451961";"12";"CRS3035RES200mN2389400E3728200";"CRS3035RES1000mN2389000E3728000";"CRS3035RES1000mN2389000E3728000";0;0;"12202";163;85;9;42;4;32;11;3948345,9;7107;83;2;22;34;11;18;0;0;8;2;10,5;18;5,5;35;33;18;24;9
"451962";"12";"CRS3035RES200mN2389400E3728400";"CRS3035RES1000mN2389000E3728000";"CRS3035RES1000mN2389000E3728000";0;0;"12202";181,5;112;12;61;1;58;10;4859878,6;9148;110;2;35;52;7;18;0;0;2;1,5;5,5;7,5;16;34;27;21;46;21
"451963";"12";"CRS3035RES200mN2389400E3728600";"CRS3035RES1000mN2389000E3728000";"CRS3035RES1000mN2389000E3728000";0;0;"12202";291,5;193;27;123;2;85;16;7583742,3;14030;192;1;64;23;89;17;0;0;2;0;8;12;34,5;35;42;37;70;50
"451964";"12";"CRS3035RES200mN2389400E3728800";"CRS3035RES1000mN2389000E3728000";"CRS3035RES1000mN2389000E3728000";0;0;"12202";251;150;34;88;5;64;11;6106823,6;11399;141;9;101;12;29;8;0;5;12;4,5;5;11;22,5;63;42;35;29;27
"451965";"12";"CRS3035RES200mN2389400E3729000";"CRS3035RES1000mN2389000E3729000";"CRS3035RES1000mN2389000E3729000";0;0;"12202";299;184;34;103;3;68;22;6672826,7;13605;177;7;58;52;55;19;0;18;5;4;10;18,5;28,5;48;51;41;57;36
"451966";"12";"CRS3035RES200mN2389400E3729200";"CRS3035RES1000mN2389000E3729000";"CRS3035RES1000mN2389000E3729000";1;0;"12202";47;22,4;1,4;6,3;0,7;16,8;1,4;1409310,5;2458,7;9,8;12,6;3,5;11,9;1,4;5,6;0;0;1,4;0,7;1,4;2,8;2,8;5,6;4,9;9,1;12;6,3
"451967";"12";"CRS3035RES200mN2389400E3729400";"CRS3035RES1000mN2389000E3729000";"CRS3035RES1000mN2389000E3729000";1;0;"12202";5;2,4;0,1;0,7;0,1;1,8;0,1;149926,7;261,6;1,1;1,3;0,4;1,3;0,1;0,6;0;0;0,1;0,1;0,1;0,3;0,3;0,6;0,5;1;1,3;0,7
"451968";"12";"CRS3035RES200mN2389400E3729800";"CRS3035RES1000mN2389000E3729000";"CRS3035RES1000mN2389000E3729000";1;0;"12202";13;6,2;0,4;1,7;0,2;4,7;0,4;389809,3;680,1;2,7;3,5;1;3,3;0,4;1,5;0;0;0,4;0,2;0,4;0,8;0,8;1,5;1,4;2,5;3,3;1,7
"451969";"12";"CRS3035RES200mN2389400E3730000";"CRS3035RES1000mN2389000E3730000";"CRS3035RES2000mN2388000E3730000";0;0;"12202";101;44;1;11;1;38;4;3285665,1;5626;8;36;0;9;18;17;0;0;3;2;4;6;8;11;21;21;11;14
"451970";"12";"CRS3035RES200mN2389400E3730200";"CRS3035RES1000mN2389000E3730000";"CRS3035RES2000mN2388000E3730000";0;0;"12202";48,5;21;1;3;0;18;2;1436260,8;3118;1;20;0;0;12;9;0;0;0;0;2;4;2,5;1;10;6;19;4
"451971";"12";"CRS3035RES200mN2389400E3730600";"CRS3035RES1000mN2389000E3730000";"CRS3035RES2000mN2388000E3730000";1;0;"12202";3;1,3;0,1;0,3;0;1,1;0,1;85945,4;156,1;0,1;1,2;0,2;0,2;0,5;0,4;0;0;0,1;0;0,2;0,2;0,1;0,3;0,8;0,5;0,7;0,1
"451972";"12";"CRS3035RES200mN2389400E3730800";"CRS3035RES1000mN2389000E3730000";"CRS3035RES2000mN2388000E3730000";1;0;"12202";15;6,5;0,3;1,5;0;5,3;0,3;429727,1;780,6;0,6;5,9;1,2;0,9;2,6;1,8;0;0;0,6;0;0,7;0,9;0,6;1,2;4,1;2,7;3,6;0,6
"452444";"12";"CRS3035RES200mN2389600E3727600";"CRS3035RES1000mN2389000E3727000";"CRS3035RES1000mN2389000E3727000";0;0;"12202";15;12;1;9;0;7;0;366018,8;661;11;1;0;3;9;0;0;0;0;0;0;0;2;2;3;5;2;1
"452445";"12";"CRS3035RES200mN2389600E3727800";"CRS3035RES1000mN2389000E3727000";"CRS3035RES1000mN2389000E3727000";0;0;"12202";28;19;0;12;0;12;0;722639;1257;15;4;0;4;0;15;0;0;0;1;1;0;2;9;1;3;11;0
"452446";"12";"CRS3035RES200mN2389600E3728000";"CRS3035RES1000mN2389000E3728000";"CRS3035RES1000mN2389000E3728000";1;0;"12202";129;42,7;0;5,6;5,6;0;1,9;3313568,3;4192;42,7;0;0;0,9;0;41,8;0;0;2,8;5,6;13,9;20,4;10,2;23,2;44,5;6,5;1,9;0
"452447";"12";"CRS3035RES200mN2389600E3728200";"CRS3035RES1000mN2389000E3728000";"CRS3035RES1000mN2389000E3728000";1;0;"12202";10;3,3;0;0,4;0,4;0;0,1;256865,8;325;3,3;0;0;0,1;0;3,2;0;0;0,2;0,4;1,1;1,6;0,8;1,8;3,5;0,5;0,1;0
"452448";"12";"CRS3035RES200mN2389600E3728400";"CRS3035RES1000mN2389000E3728000";"CRS3035RES1000mN2389000E3728000";0;0;"12202";291;157;16;75;3;78;26;7358360,5;12505;151;6;69;36;15;37;0;0;6;8,5;13,5;27;27;52;60;34;45;18
"452449";"12";"CRS3035RES200mN2389600E3728600";"CRS3035RES1000mN2389000E3728000";"CRS3035RES1000mN2389000E3728000";0;0;"12202";165;92;12;49;4;48;13;4265737,5;7696;83;9;57;11;5;19;0;0;1;5;12;16;10;31;37;17;19;17
"452450";"12";"CRS3035RES200mN2389600E3728800";"CRS3035RES1000mN2389000E3728000";"CRS3035RES1000mN2389000E3728000";0;0;"12202";151,5;98;15;60;1;46;4;4020759,7;7716;87;11;19;28;43;8;0;0;4;1;6,5;4;6;30;27;10;36;27
"452451";"12";"CRS3035RES200mN2389600E3729000";"CRS3035RES1000mN2389000E3729000";"CRS3035RES1000mN2389000E3729000";0;0;"12202";299,5;196;40;131;4;66;23;5951771,9;11453;178;18;65;60;61;8;2;0;13,5;5;16;11;31;73;46;36;48;19
"452452";"12";"CRS3035RES200mN2389600E3729200";"CRS3035RES1000mN2389000E3729000";"CRS3035RES1000mN2389000E3729000";0;0;"12202";149;80;10;38;4;57;7;3073246,3;6309;64;16;9;9;62;0;0;0;1;6;4,5;9;10,5;25;35;17;33;8
"452453";"12";"CRS3035RES200mN2389600E3729400";"CRS3035RES1000mN2389000E3729000";"CRS3035RES1000mN2389000E3729000";0;0;"12202";60;33;0;17;0;21;3;1430154,2;2360;23;10;4;1;27;0;1;0;4;0;2;3;4;20;10;8;9;0
"452454";"12";"CRS3035RES200mN2389600E3729600";"CRS3035RES1000mN2389000E3729000";"CRS3035RES1000mN2389000E3729000";0;0;"12202";62,5;28;1;6;2;23;2;1795787,3;2880;16;12;0;1;10;17;0;0;0;1;4;6,5;2;10;9;13;15;2
"452455";"12";"CRS3035RES200mN2389600E3729800";"CRS3035RES1000mN2389000E3729000";"CRS3035RES1000mN2389000E3729000";0;0;"12202";102,5;55;6;22;2;32;9;2498278,8;4635;40;15;1;43;5;6;0;0;1;2;5,5;10;6;19;21;8;23;7
"452456";"12";"CRS3035RES200mN2389600E3730000";"CRS3035RES1000mN2389000E3730000";"CRS3035RES2000mN2388000E3730000";0;0;"12202";55;26;1;9;2;18;3;1494402,1;2971;10;16;0;22;4;0;0;0;0;0;3;8;3;6;12;4;9;10
"452928";"12";"CRS3035RES200mN2389800E3727000";"CRS3035RES1000mN2389000E3727000";"CRS3035RES1000mN2389000E3727000";1;0;"1220212174";7;2,5;0,1;0,3;0,3;1,9;0,4;180965,4;233,2;0,5;2;0,4;1,5;0,2;0,4;0;0;0,5;0,1;0,6;1,1;0;1,1;1,9;0,6;0,5;0,6
"452929";"12";"CRS3035RES200mN2389800E3727600";"CRS3035RES1000mN2389000E3727000";"CRS3035RES1000mN2389000E3727000";1;0;"12202";4;1,4;0,1;0,2;0,2;1,1;0,2;103408,8;133,2;0,3;1,1;0,2;0,9;0,1;0,2;0;0;0,2;0,1;0,4;0,6;0;0,6;1,1;0,4;0,3;0,3
"452930";"12";"CRS3035RES200mN2389800E3727800";"CRS3035RES1000mN2389000E3727000";"CRS3035RES1000mN2389000E3727000";1;0;"12202";33;11,6;0,4;1,3;1,3;9,1;1,7;853122,8;1099,1;2,1;9,5;1,7;7,3;0,9;1,7;0;0;2,1;0,6;3;5,2;0;5,2;9,1;3;2,2;2,6
"452931";"12";"CRS3035RES200mN2389800E3728000";"CRS3035RES1000mN2389000E3728000";"CRS3035RES1000mN2389000E3728000";0;0;"12202";66;44;7;27;0;26;2;1854934,6;3059;43;1;0;3;0;41;0;0;0;0;0;2;4;11;16;9;10;14
"452932";"12";"CRS3035RES200mN2389800E3728200";"CRS3035RES1000mN2389000E3728000";"CRS3035RES1000mN2389000E3728000";0;0;"12202";207,5;125;12;71;2;68;12;4561482,8;8799;112;13;9;66;42;8;0;0;7,5;3;2,5;15;20,5;44;38;38;21;18
"452933";"12";"CRS3035RES200mN2389800E3728400";"CRS3035RES1000mN2389000E3728000";"CRS3035RES1000mN2389000E3728000";0;0;"12202";406;217;22;113;4;127;17;9213533,4;16568;186;31;28;125;24;40;0;8;17;13;18;28;26;83;79;52;60;30
"452934";"12";"CRS3035RES200mN2389800E3728600";"CRS3035RES1000mN2389000E3728000";"CRS3035RES1000mN2389000E3728000";0;0;"12202";366,5;212;34;123;9;134;22;8331132,3;14568;182;30;54;99;59;0;0;0;13,5;9;14,5;27;33,5;79;70;39;56;25
"452935";"12";"CRS3035RES200mN2389800E3728800";"CRS3035RES1000mN2389000E3728000";"CRS3035RES1000mN2389000E3728000";0;0;"12202";414,5;250;70;150;7;83;41;7920619,7;16111;239;11;42;48;71;89;0;31;15,5;6;24,5;36;44,5;100;70;49;55;14
"452936";"12";"CRS3035RES200mN2389800E3729000";"CRS3035RES1000mN2389000E3729000";"CRS3035RES1000mN2389000E3729000";0;0;"12202";288;172;41;100;4;56;24;5617666,4;10521;159;13;67;18;53;34;0;19;9;4;6,5;22,5;39,5;50,5;59;45;26;26
"452937";"12";"CRS3035RES200mN2389800E3729200";"CRS3035RES1000mN2389000E3729000";"CRS3035RES1000mN2389000E3729000";0;0;"12202";118,5;60;10;30;2;32;6;2697159;5474;42;18;6;3;31;19;1;13;4;5,5;6;5;11;22;17;17;17;14
"452938";"12";"CRS3035RES200mN2389800E3729400";"CRS3035RES1000mN2389000E3729000";"CRS3035RES1000mN2389000E3729000";0;0;"12202";269,5;129;21;50;9;87;13;6250241,9;11556;74;55;38;38;43;9;1;0;9;1;15;30,5;27;35;55;32;43;22
"452939";"12";"CRS3035RES200mN2389800E3729600";"CRS3035RES1000mN2389000E3729000";"CRS3035RES1000mN2389000E3729000";0;0;"12202";293,5;149;16;64;7;98;19;6913937,7;12633;108;41;6;93;37;13;0;0;10;8,5;24;16,5;18,5;69;56;30;40;21
"452940";"12";"CRS3035RES200mN2389800E3729800";"CRS3035RES1000mN2389000E3729000";"CRS3035RES1000mN2389000E3729000";0;0;"12202";86;42;2;20;3;25;2;2253192,5;3680;29;13;1;17;23;1;0;0;2;1;9;9;2;12;24;10;12;5
"452941";"12";"CRS3035RES200mN2389800E3730600";"CRS3035RES1000mN2389000E3730000";"CRS3035RES2000mN2388000E3730000";1;0;"1220212176";15,5;6,8;0,3;1,5;0;5,5;0,3;444051,3;806,6;0,6;6,2;1,2;0,9;2,8;1,9;0;0;0,6;0;0,8;0,9;0,6;1,2;4,3;2,8;3,7;0,6
"452942";"12";"CRS3035RES200mN2389800E3730800";"CRS3035RES1000mN2389000E3730000";"CRS3035RES2000mN2388000E3730000";1;0;"122021224112176";1;0,4;0;0,1;0;0,4;0;28648,5;52;0;0,4;0,1;0;0,2;0,1;0;0;0;0;0,1;0,1;0;0,1;0,3;0,2;0,2;0
"453401";"12";"CRS3035RES200mN2390000E3727000";"CRS3035RES1000mN2390000E3727000";"CRS3035RES1000mN2390000E3727000";1;0;"1220212174";2;1;0,2;0,3;0;0,9;0,1;49402,4;104,7;0,2;0,8;0;0,4;0,6;0;0;0;0;0;0;0,1;0,1;0,2;0,5;0,4;0,5;0,2
"453402";"12";"CRS3035RES200mN2390000E3728000";"CRS3035RES1000mN2390000E3728000";"CRS3035RES1000mN2390000E3728000";1;0;"12202";8;4;0,5;1,4;0;2,1;0,7;181439,1;316,7;2,3;1,7;0;0,3;3,5;0,2;0;0;0;0,2;0,3;0,7;0,9;1,6;1,9;0,9;1,2;0,3
"453403";"12";"CRS3035RES200mN2390000E3728200";"CRS3035RES1000mN2390000E3728000";"CRS3035RES1000mN2390000E3728000";0;0;"12202";201;80;9;20;7;62;11;4485047,3;6989;28;52;2;66;10;2;0;0;6;6,5;15,5;28;9;36;41;25;28;6
"453404";"12";"CRS3035RES200mN2390000E3728400";"CRS3035RES1000mN2390000E3728000";"CRS3035RES1000mN2390000E3728000";0;0;"12202";279,5;163;13;92;4;105;18;6291306,6;11473;136;27;12;71;63;17;0;0;6;2;12,5;24;24;58;61;31;46;15
"453405";"12";"CRS3035RES200mN2390000E3728600";"CRS3035RES1000mN2390000E3728000";"CRS3035RES1000mN2390000E3728000";0;0;"12202";92;50;5;25;1;18;5;2072291,4;3659;46;4;18;7;22;3;0;0;6;2;5;2;9;22;15;21;7;3
"453406";"12";"CRS3035RES200mN2390000E3728800";"CRS3035RES1000mN2390000E3728000";"CRS3035RES1000mN2390000E3728000";0;0;"12202";284;204;54;152;1;59;14;5245970,4;11223;197;7;11;46;125;21;1;36;11;3;7;11;61;53;56;27;36;19
"453407";"12";"CRS3035RES200mN2390000E3729000";"CRS3035RES1000mN2390000E3729000";"CRS3035RES1000mN2390000E3729000";0;0;"12202";139,5;76;16;39;1;22;10;2661617,5;5092;75;1;2;10;33;31;0;31;5;0;9;11,5;15;23;17;18;24;17
"453408";"12";"CRS3035RES200mN2390000E3729200";"CRS3035RES1000mN2390000E3729000";"CRS3035RES1000mN2390000E3729000";0;0;"12202";189;105;9;51;2;59;10;4643069;8724;76;29;28;15;18;44;0;0;2;4,5;8,5;6,5;14,5;32;29;24;43;25
"453409";"12";"CRS3035RES200mN2390000E3729400";"CRS3035RES1000mN2390000E3729000";"CRS3035RES1000mN2390000E3729000";0;0;"12202";425,5;280;51;186;2;117;26;8642754,4;17859;268;12;29;72;157;22;0;0;8;3;14,5;30;41;92;92;59;61;25
"453410";"12";"CRS3035RES200mN2390000E3729600";"CRS3035RES1000mN2390000E3729000";"CRS3035RES1000mN2390000E3729000";0;0;"12202";95,5;52;5;26;0;35;6;2386390,2;3984;32;20;13;9;26;4;0;0;2;2,5;3;8;11;16;22;17;9;5
"453411";"12";"CRS3035RES200mN2390000E3729800";"CRS3035RES1000mN2390000E3729000";"CRS3035RES1000mN2390000E3729000";0;0;"12202";48;31;1;18;0;14;2;1190879,6;2173;26;5;0;0;1;30;0;0;1;0;1;1;3;16;5;13;7;1
"453412";"12";"CRS3035RES200mN2390000E3730000";"CRS3035RES1000mN2390000E3730000";"CRS3035RES1000mN2390000E3730000";0;0;"12202";23,5;12;0;3;0;11;2;695601,7;1224;0;12;2;0;7;3;0;0;0;0;1;0,5;0;4;4;2;10;2
"453413";"12";"CRS3035RES200mN2390000E3730200";"CRS3035RES1000mN2390000E3730000";"CRS3035RES1000mN2390000E3730000";1;0;"1220212176";1;0,5;0,1;0,3;0,1;0,2;0;19201,9;39,2;0,3;0,2;0,1;0,2;0,1;0,1;0;0;0,1;0;0;0;0,2;0,1;0,3;0,1;0,2;0
"453857";"12";"CRS3035RES200mN2390200E3727400";"CRS3035RES1000mN2390000E3727000";"CRS3035RES1000mN2390000E3727000";0;0;"12202";371;246;26;152;2;82;29;8030889,6;14618;246;0;0;0;0;246;0;0;11,5;8,5;11;15;57;130;57;37;31;13
"453858";"12";"CRS3035RES200mN2390200E3727600";"CRS3035RES1000mN2390000E3727000";"CRS3035RES1000mN2390000E3727000";0;0;"12202";381,5;269;39;182;2;80;30;8642829,2;16030;269;0;0;0;0;269;0;45;3;6,5;11;11,5;48,5;93;66;42;63;37
"453859";"12";"CRS3035RES200mN2390200E3728000";"CRS3035RES1000mN2390000E3728000";"CRS3035RES1000mN2390000E3728000";1;0;"12202";4;2;0,3;0,7;0;1,1;0,4;90719,5;158,3;1,1;0,9;0;0,2;1,7;0,1;0;0;0;0,1;0,1;0,4;0,4;0,8;1;0,4;0,6;0,2
"453860";"12";"CRS3035RES200mN2390200E3728200";"CRS3035RES1000mN2390000E3728000";"CRS3035RES1000mN2390000E3728000";0;0;"12202";151;85;6;48;3;54;9;3457762,3;6144;71;14;3;52;29;1;0;0;8;3;3,5;15,5;5;35;40;14;20;7
"453861";"12";"CRS3035RES200mN2390200E3728400";"CRS3035RES1000mN2390000E3728000";"CRS3035RES1000mN2390000E3728000";0;0;"12202";262;103;22;30;10;42;23;5068456,5;8304;52;51;1;59;30;13;0;57;16,5;13;24,5;30;20;39;63;24;18;14
"453862";"12";"CRS3035RES200mN2390200E3728600";"CRS3035RES1000mN2390000E3728000";"CRS3035RES1000mN2390000E3728000";0;0;"12202";162,5;74;31;36;9;3;14;2347140,3;4221;73;1;1;52;0;21;0;52;13;10;17;17,5;8;33;28;16;16;4
"453863";"12";"CRS3035RES200mN2390200E3728800";"CRS3035RES1000mN2390000E3728000";"CRS3035RES1000mN2390000E3728000";0;0;"12202";224;114;40;65;11;23;16;3606710,9;7601;98;16;5;33;52;24;0;61;12;11;20;18;28;40;48;20;19;8
"453864";"12";"CRS3035RES200mN2390200E3729000";"CRS3035RES1000mN2390000E3729000";"CRS3035RES1000mN2390000E3729000";0;0;"12202";156;71;11;24;2;46;6;3453750,2;6605;31;40;3;9;52;7;0;5;6;2;11,5;6,5;10;24;17;18;40;20
"453865";"12";"CRS3035RES200mN2390200E3729200";"CRS3035RES1000mN2390000E3729000";"CRS3035RES1000mN2390000E3729000";0;0;"12202";150;82;11;34;2;47;7;3856164,9;7528;37;45;14;9;51;8;0;0;3;1;8;6;6;23;27;14;40;22
"453866";"12";"CRS3035RES200mN2390200E3729400";"CRS3035RES1000mN2390000E3729000";"CRS3035RES1000mN2390000E3729000";0;0;"12202";216,5;126;31;72;5;59;17;4565286,3;8800;96;30;27;38;38;23;0;0;8,5;4,5;9;18,5;20;49;47;27;21;12
"453867";"12";"CRS3035RES200mN2390200E3729600";"CRS3035RES1000mN2390000E3729000";"CRS3035RES1000mN2390000E3729000";0;0;"12202";130;63;7;29;2;41;6;2974042;5071;39;24;2;30;17;14;0;0;6;2;9,5;10,5;11;16;29;14;13;19
"453868";"12";"CRS3035RES200mN2390200E3729800";"CRS3035RES1000mN2390000E3729000";"CRS3035RES1000mN2390000E3729000";1;0;"12202";4,5;2,4;0,4;0,6;0;2,2;0,4;107208;260,2;0,2;2,2;0,2;0,8;0,6;0,8;0;0;0;0;0,2;0,3;0;0,2;0,8;1;1,6;0,4
"454303";"12";"CRS3035RES200mN2390400E3726200";"CRS3035RES1000mN2390000E3726000";"CRS3035RES1000mN2390000E3726000";1;0;"1220212174";1;0,3;0;0;0,1;0,3;0;27620,5;38,8;0;0,3;0;0;0,1;0,2;0;0;0,1;0;0,1;0,1;0;0,2;0,2;0,1;0,2;0
"454304";"12";"CRS3035RES200mN2390400E3727200";"CRS3035RES1000mN2390000E3727000";"CRS3035RES1000mN2390000E3727000";0;0;"12202";63;38;3;21;1;5;3;1503259,4;2155;37;1;1;0;0;37;0;0;3;1;4;3;9;26;9;2;6;0
"454305";"12";"CRS3035RES200mN2390400E3727400";"CRS3035RES1000mN2390000E3727000";"CRS3035RES1000mN2390000E3727000";0;0;"12202";297,5;206;33;142;2;53;14;6858691,7;11338;206;0;0;0;0;206;0;0;10;4,5;8;8;64;102;32;26;25;18
"454306";"12";"CRS3035RES200mN2390400E3727600";"CRS3035RES1000mN2390000E3727000";"CRS3035RES1000mN2390000E3727000";0;0;"12202";116,5;58;22;30;7;3;17;1891806,4;3814;57;1;0;1;0;57;0;25;8;5;11,5;15;8;18;19;14;10;7
"454307";"12";"CRS3035RES200mN2390400E3727800";"CRS3035RES1000mN2390000E3727000";"CRS3035RES1000mN2390000E3727000";0;0;"12202";62,5;31;5;14;2;1;4;1109776,1;2114;30;1;0;0;1;30;0;30;4;1;5,5;5;2;18;14;5;7;1
"454308";"12";"CRS3035RES200mN2390400E3728000";"CRS3035RES1000mN2390000E3728000";"CRS3035RES1000mN2390000E3728000";1;0;"12202";1;0,5;0,1;0,2;0;0,3;0,1;22679,9;39,6;0,3;0,2;0;0,1;0,4;0;0;0;0;0;0;0,1;0,1;0,2;0,2;0,1;0,2;0,1
"454309";"12";"CRS3035RES200mN2390400E3728200";"CRS3035RES1000mN2390000E3728000";"CRS3035RES1000mN2390000E3728000";0;0;"12202";21;17;3;13;0;5;1;522919;895;16;1;0;1;0;16;0;0;1;0;0;0;1;8;3;2;6;0
"454310";"12";"CRS3035RES200mN2390400E3728400";"CRS3035RES1000mN2390000E3728000";"CRS3035RES1000mN2390000E3728000";1;0;"12202";7,5;3,8;0,5;1,3;0;2;0,7;170099,1;296,9;2,1;1,7;0;0,3;3,3;0,2;0;0;0;0,2;0,2;0,7;0,8;1,5;1,8;0,8;1,2;0,3
"454311";"12";"CRS3035RES200mN2390400E3728600";"CRS3035RES1000mN2390000E3728000";"CRS3035RES1000mN2390000E3728000";0;0;"12202";268,5;103;53;36;14;0;20;3578797,7;6985;103;0;0;103;0;0;0;103;12;5;33,5;37;16;52;43;30;25;8
"454312";"12";"CRS3035RES200mN2390400E3728800";"CRS3035RES1000mN2390000E3728000";"CRS3035RES1000mN2390000E3728000";0;0;"12202";60;39;4;26;1;22;2;1426127,7;2907;29;10;1;30;7;1;0;0;2;3;2;2;5;8;7;14;11;6
"454313";"12";"CRS3035RES200mN2390400E3729000";"CRS3035RES1000mN2390000E3729000";"CRS3035RES1000mN2390000E3729000";0;0;"12202";55;36;7;24;1;16;1;1037605,2;2274;34;2;1;6;29;0;0;0;2;0;1,5;4,5;4;14;10;10;5;4
"454314";"12";"CRS3035RES200mN2390400E3729200";"CRS3035RES1000mN2390000E3729000";"CRS3035RES1000mN2390000E3729000";0;0;"12202";171,5;86;6;33;4;66;8;4290465,9;7577;44;42;32;30;21;3;0;0;3;4;7;10,5;12;26;27;29;40;13
"454315";"12";"CRS3035RES200mN2390400E3729400";"CRS3035RES1000mN2390000E3729000";"CRS3035RES1000mN2390000E3729000";0;0;"12202";257,5;165;21;107;3;92;13;5562641,7;11444;145;20;23;32;75;19;16;0;4;2;9;20,5;23;54;45;29;44;27
"454316";"12";"CRS3035RES200mN2390400E3729600";"CRS3035RES1000mN2390000E3729000";"CRS3035RES1000mN2390000E3729000";0;0;"12202";270,5;167;21;103;2;88;16;5608651,7;10475;160;7;16;20;131;0;0;0;12,5;2;12,5;15,5;19;61;48;41;50;9
"454317";"12";"CRS3035RES200mN2390400E3729800";"CRS3035RES1000mN2390000E3729000";"CRS3035RES1000mN2390000E3729000";0;0;"1220212176";100;57;14;30;1;23;6;2002478,8;3856;44;13;21;23;9;4;0;0;2;2;2,5;6,5;13;17;21;14;17;5
"454318";"12";"CRS3035RES200mN2390400E3730000";"CRS3035RES1000mN2390000E3730000";"CRS3035RES1000mN2390000E3730000";1;0;"1220212176";20;9,7;2,1;5,6;1;4,1;0,5;384037,6;783,6;5,1;4,6;1,5;4,1;2;2,1;0;0;1,5;0,5;0,5;1;3,1;2,1;5,1;2,1;3,1;1
"454319";"12";"CRS3035RES200mN2390400E3730200";"CRS3035RES1000mN2390000E3730000";"CRS3035RES1000mN2390000E3730000";1;0;"1220212176";4;1,9;0,4;1,1;0,2;0,8;0,1;76807,5;156,7;1;0,9;0,3;0,8;0,4;0,4;0;0;0,3;0,1;0,1;0,2;0,6;0,4;1,1;0,4;0,6;0,2
"454785";"12";"CRS3035RES200mN2390600E3727000";"CRS3035RES1000mN2390000E3727000";"CRS3035RES1000mN2390000E3727000";1;0;"12202";6;2,9;0,5;0,9;0;2,6;0,2;148207,3;314;0,6;2,3;0,1;1,1;1,7;0;0;0;0;0;0;0,4;0,5;0,5;1,4;1,2;1,5;0,5
"454786";"12";"CRS3035RES200mN2390600E3727200";"CRS3035RES1000mN2390000E3727000";"CRS3035RES1000mN2390000E3727000";0;0;"12202";90,5;57;13;29;0;22;3;2207054,4;4250;40;17;2;0;15;40;0;0;3;0;1,5;0;10;22;10;10;28;6
"454787";"12";"CRS3035RES200mN2390600E3727400";"CRS3035RES1000mN2390000E3727000";"CRS3035RES1000mN2390000E3727000";0;0;"12202";294;197;28;131;3;61;8;6443000,9;11474;193;4;1;0;3;193;0;30;12;2;8;9;48;83;37;28;43;24
"454788";"12";"CRS3035RES200mN2390600E3727600";"CRS3035RES1000mN2390000E3727000";"CRS3035RES1000mN2390000E3727000";0;0;"12202";91;57;2;33;1;36;5;2450677;4007;54;3;0;3;1;53;0;0;3;0;0;5;15;25;12;10;14;7
"454789";"12";"CRS3035RES200mN2390600E3727800";"CRS3035RES1000mN2390000E3727000";"CRS3035RES1000mN2390000E3727000";1;0;"12202";2;1;0,2;0,3;0;0,9;0,1;49402,4;104,7;0,2;0,8;0;0,4;0,6;0;0;0;0;0;0;0,1;0,1;0,2;0,5;0,4;0,5;0,2
"454790";"12";"CRS3035RES200mN2390600E3728200";"CRS3035RES1000mN2390000E3728000";"CRS3035RES1000mN2390000E3728000";1;0;"12202";1;0,5;0,1;0,2;0;0,3;0,1;22679,9;39,6;0,3;0,2;0;0,1;0,4;0;0;0;0;0;0;0,1;0,1;0,2;0,2;0,1;0,2;0,1
"454791";"12";"CRS3035RES200mN2390600E3728800";"CRS3035RES1000mN2390000E3728000";"CRS3035RES1000mN2390000E3728000";0;0;"12202";165,5;103;17;64;1;48;6;3090421,6;7150;101;2;1;0;101;1;0;0;6;1;6,5;7,5;17,5;37;31;23;27;9
"454792";"12";"CRS3035RES200mN2390600E3729000";"CRS3035RES1000mN2390000E3729000";"CRS3035RES1000mN2390000E3729000";0;0;"12202";33;13;2;5;1;5;2;605362,4;994;10;3;1;11;0;1;0;0;0;2;1;2;3;6;5;3;10;1
"454793";"12";"CRS3035RES200mN2390600E3729200";"CRS3035RES1000mN2390000E3729000";"CRS3035RES1000mN2390000E3729000";0;0;"12202";89;59;14;40;1;22;3;1946574,1;3758;55;4;5;1;44;9;0;0;0;2;4;6;4;17;21;13;13;9
"454794";"12";"CRS3035RES200mN2390600E3729400";"CRS3035RES1000mN2390000E3729000";"CRS3035RES1000mN2390000E3729000";0;0;"1220212176";28;11;4;4;2;1;1;413364,8;627;11;0;4;0;7;0;0;0;4;3;2;2;2;12;3;0;0;0
"454795";"12";"CRS3035RES200mN2390600E3729600";"CRS3035RES1000mN2390000E3729000";"CRS3035RES1000mN2390000E3729000";1;0;"1220212176";16;8,5;1,4;2,1;0;7,8;1,4;381184;925,2;0,7;7,8;0,7;2,8;2,1;2,9;0;0;0;0;0,7;1,1;0;0,7;2,8;3,6;5,7;1,4
"455240";"12";"CRS3035RES200mN2390800E3726600";"CRS3035RES1000mN2390000E3726000";"CRS3035RES1000mN2390000E3726000";1;0;"12202";21;6,9;0,2;0,7;1,2;6,2;0;580029,6;815,6;0;6,9;0,2;0;2,9;3,6;0,2;0;1,7;0,7;2,6;2,3;0,7;3,8;3,6;1,4;4;0,2
"455241";"12";"CRS3035RES200mN2390800E3726800";"CRS3035RES1000mN2390000E3726000";"CRS3035RES1000mN2390000E3726000";1;0;"12202";66,5;21,8;0,8;2,3;3,8;19,5;0;1836760,3;2582,6;0;21,8;0,7;0;9;11,3;0,8;0;5,3;2,2;8,3;7,1;2,3;12;11,3;4,5;12,8;0,7
"455242";"12";"CRS3035RES200mN2390800E3727000";"CRS3035RES1000mN2390000E3727000";"CRS3035RES1000mN2390000E3727000";0;0;"12202";80,5;37;2;7;1;31;3;1952738,3;3686;2;35;0;0;37;0;0;0;1;0,5;2;6;5;3;11;18;30;4
"455243";"12";"CRS3035RES200mN2390800E3727200";"CRS3035RES1000mN2390000E3727000";"CRS3035RES1000mN2390000E3727000";0;0;"12202";65,5;33;0;6;1;29;5;1660961,9;3258;4;29;0;0;29;4;0;0;1;1;1;2,5;2;2;6;9;35;6
"455244";"12";"CRS3035RES200mN2390800E3727400";"CRS3035RES1000mN2390000E3727000";"CRS3035RES1000mN2390000E3727000";1;0;"12202";8;3,9;0,6;1,2;0;3,5;0,2;197609,8;418,7;0,8;3,1;0,2;1,4;2,3;0;0;0;0;0;0;0,6;0,6;0,6;1,9;1,6;2,1;0,6
"455245";"12";"CRS3035RES200mN2390800E3727600";"CRS3035RES1000mN2390000E3727000";"CRS3035RES1000mN2390000E3727000";1;0;"12202";21;10,2;1,6;3,2;0;9,2;0,5;518725,7;1099;2,1;8,1;0,5;3,8;5,9;0;0;0;0;0;0;1,6;1,6;1,6;4,9;4,3;5,4;1,6
"455246";"12";"CRS3035RES200mN2390800E3727800";"CRS3035RES1000mN2390000E3727000";"CRS3035RES1000mN2390000E3727000";0;0;"12202";69;31;2;5;1;26;2;1827047,4;3105;2;29;3;4;19;5;0;0;2;0;2,5;4,5;4;2;13;16;20;5
"455247";"12";"CRS3035RES200mN2390800E3728000";"CRS3035RES1000mN2390000E3728000";"CRS3035RES1000mN2390000E3728000";0;0;"12202";103,5;45;0;6;3;43;2;3053027,3;4647;2;43;0;1;42;2;0;0;1;1;2;9,5;3;10;18;12;43;4
"455248";"12";"CRS3035RES200mN2390800E3728200";"CRS3035RES1000mN2390000E3728000";"CRS3035RES1000mN2390000E3728000";0;0;"12202";32;14;0;3;1;14;0;881556,6;1348;0;14;0;0;14;0;0;0;0;0;3;3;1;3;5;5;12;0
"455249";"12";"CRS3035RES200mN2390800E3728400";"CRS3035RES1000mN2390000E3728000";"CRS3035RES1000mN2390000E3728000";1;0;"12202";8;4;0,5;1,4;0;2,1;0,7;181439,1;316,7;2,3;1,7;0;0,3;3,5;0,2;0;0;0;0,2;0,3;0,7;0,9;1,6;1,9;0,9;1,2;0,3
"455250";"12";"CRS3035RES200mN2390800E3728600";"CRS3035RES1000mN2390000E3728000";"CRS3035RES1000mN2390000E3728000";1;0;"12202";16;8,1;1,1;2,8;0;4,2;1,4;362878,2;633,3;4,6;3,5;0;0,7;7;0,4;0;0;0;0,3;0,5;1,4;1,7;3,2;3,9;1,8;2,5;0,7
"455251";"12";"CRS3035RES200mN2390800E3729000";"CRS3035RES1000mN2390000E3729000";"CRS3035RES1000mN2390000E3729000";1;0;"1220212176";2;1,1;0,2;0,3;0;1;0,2;47648;115,6;0,1;1;0,1;0,3;0,3;0,4;0;0;0;0;0,1;0,1;0;0,1;0,4;0,4;0,7;0,2
"455700";"12";"CRS3035RES200mN2391000E3726800";"CRS3035RES1000mN2391000E3726000";"CRS3035RES1000mN2391000E3726000";1;0;"12202";24;9,9;1,6;1;0,5;9,4;1;579486,1;1153,6;0,5;9,4;1;0,5;6,8;1,6;0;0;0,5;0;0,5;2,1;2,6;1,1;4,7;5,2;5,7;1,6
"455701";"12";"CRS3035RES200mN2391000E3727000";"CRS3035RES1000mN2391000E3727000";"CRS3035RES1000mN2391000E3727000";1;0;"12202";22;8,8;0,2;1,8;0,5;8,4;0,4;747264,2;1291,3;0,6;8,2;0,2;1,1;3,8;3,5;0,2;0;0,4;0,3;1,7;1,9;1,8;1,7;6;2;5,1;1,1
"455702";"12";"CRS3035RES200mN2391000E3727200";"CRS3035RES1000mN2391000E3727000";"CRS3035RES1000mN2391000E3727000";1;0;"12202";2;0,8;0;0,2;0;0,8;0;67933,1;117,4;0,1;0,7;0;0,1;0,4;0,3;0;0;0;0;0,2;0,2;0,2;0,1;0,5;0,2;0,5;0,1
"455703";"12";"CRS3035RES200mN2391000E3727400";"CRS3035RES1000mN2391000E3727000";"CRS3035RES1000mN2391000E3727000";0;0;"12202";65;21;1;3;1;11;3;1514305,1;2228;2;19;0;1;1;19;0;0;5;4;4;11;6;12;18;3;2;0
"455704";"12";"CRS3035RES200mN2391000E3727600";"CRS3035RES1000mN2391000E3727000";"CRS3035RES1000mN2391000E3727000";0;0;"12202";129;45;2;5;3;40;7;2976932,6;4079;3;42;0;0;11;34;0;0;5;2;12;17;11;12;33;28;9;0
"455705";"12";"CRS3035RES200mN2391000E3727800";"CRS3035RES1000mN2391000E3727000";"CRS3035RES1000mN2391000E3727000";0;0;"12202";114;45;5;7;5;45;3;2926800,6;4303;0;45;0;0;39;6;0;0;4;3;5;8;8;12;21;22;30;1
"455706";"12";"CRS3035RES200mN2391000E3728000";"CRS3035RES1000mN2391000E3728000";"CRS3035RES1000mN2391000E3728000";0;0;"12202";75;37;1;9;0;35;2;1995111,4;3797;0;37;0;0;36;1;0;0;1;1;5;2;0;5;10;18;27;6
"455707";"12";"CRS3035RES200mN2391000E3728200";"CRS3035RES1000mN2391000E3728000";"CRS3035RES1000mN2391000E3728000";1;0;"12202";16,5;8,2;0,2;2,1;0,2;7,3;0,2;460426,2;987,4;0,9;7,3;0,5;0,7;5,1;1,9;0;0;0,2;0,5;0,7;0,1;0,2;0,9;2,4;2,8;6,6;2,1
"455708";"12";"CRS3035RES200mN2391000E3728400";"CRS3035RES1000mN2391000E3728000";"CRS3035RES1000mN2391000E3728000";0;0;"12202";38,5;28;0;20;1;25;1;987214,7;2052;17;11;0;0;13;15;0;0;0;0;0;2,5;3;10;5;5;10;3
"455709";"12";"CRS3035RES200mN2391000E3728600";"CRS3035RES1000mN2391000E3728000";"CRS3035RES1000mN2391000E3728000";0;0;"12202";88;52;5;27;2;32;0;2252600,6;4459;22;30;0;0;31;21;0;0;0;0;1;6;8;13;9;12;30;9
"455710";"12";"CRS3035RES200mN2391000E3728800";"CRS3035RES1000mN2391000E3728000";"CRS3035RES1000mN2391000E3728000";0;0;"12202";49,5;19;2;5;3;13;3;1140426,3;1946;5;14;1;5;13;0;0;0;2;2;4,5;6;3;9;10;4;4;5
"456134";"12";"CRS3035RES200mN2391200E3725800";"CRS3035RES1000mN2391000E3725000";"CRS3035RES2000mN2390000E3724000";0;0;"1220212090";13;13;4;13;0;1;0;282060,8;566;12;1;1;0;0;12;0;0;0;0;0;0;0;5;2;4;2;0
"456135";"12";"CRS3035RES200mN2391200E3727000";"CRS3035RES1000mN2391000E3727000";"CRS3035RES1000mN2391000E3727000";1;0;"12202";4;1,6;0;0,3;0,1;1,5;0,1;135866,2;234,8;0,1;1,5;0;0,2;0,7;0,6;0,1;0;0,1;0,1;0,3;0,3;0,3;0,3;1,1;0,4;0,9;0,2
"456136";"12";"CRS3035RES200mN2391200E3727400";"CRS3035RES1000mN2391000E3727000";"CRS3035RES1000mN2391000E3727000";0;0;"12202";50;20;1;2;1;19;1;1451853,7;1995;0;20;0;0;13;7;0;0;1;0;1;3;5;5;7;13;15;0
"456137";"12";"CRS3035RES200mN2391200E3727600";"CRS3035RES1000mN2391000E3727000";"CRS3035RES1000mN2391000E3727000";0;0;"12202";97,5;44;0;6;2;41;0;2561238;4154;1;43;0;0;40;4;0;0;1;0;0,5;6;4;4;14;38;28;2
"456138";"12";"CRS3035RES200mN2391200E3727800";"CRS3035RES1000mN2391000E3727000";"CRS3035RES1000mN2391000E3727000";0;0;"12202";107,5;48;1;10;1;39;2;2982221,2;4733;4;44;0;0;21;27;0;0;2,5;3;3;8;5;12;16;27;25;6
"456139";"12";"CRS3035RES200mN2391200E3728000";"CRS3035RES1000mN2391000E3728000";"CRS3035RES1000mN2391000E3728000";0;0;"12202";59,5;27;2;5;1;20;1;1666399,7;2693;9;18;0;0;25;2;0;0;1;0;2,5;4;3;8;7;5;23;6
"456140";"12";"CRS3035RES200mN2391200E3728200";"CRS3035RES1000mN2391000E3728000";"CRS3035RES1000mN2391000E3728000";1;0;"12202";7;3,5;0,1;0,9;0,1;3,1;0,1;195332,3;418,9;0,4;3,1;0,2;0,3;2,2;0,8;0;0;0,1;0,2;0,3;0;0,1;0,4;1;1,2;2,8;0,9
"456141";"12";"CRS3035RES200mN2391200E3728600";"CRS3035RES1000mN2391000E3728000";"CRS3035RES1000mN2391000E3728000";1;0;"12202";3;1,5;0;0,4;0;1,3;0;83713,9;179,5;0,2;1,3;0,1;0,1;0,9;0,4;0;0;0;0,1;0,1;0;0,1;0,2;0,4;0,5;1,2;0,4
"456142";"12";"CRS3035RES200mN2391200E3728800";"CRS3035RES1000mN2391000E3728000";"CRS3035RES1000mN2391000E3728000";1;0;"1220212176";10;5;0,1;1,3;0,1;4,4;0,1;279046,2;598,4;0,6;4,4;0,3;0,4;3,1;1,2;0;0;0,1;0,3;0,4;0,1;0,1;0,6;1,4;1,7;4;1,3
"456604";"12";"CRS3035RES200mN2391400E3726800";"CRS3035RES1000mN2391000E3726000";"CRS3035RES1000mN2391000E3726000";1;0;"12202";1;0,4;0,1;0;0;0,4;0;24145,3;48,1;0;0,4;0;0;0,3;0,1;0;0;0;0;0;0,1;0,1;0,1;0,2;0,2;0,2;0,1
"456605";"12";"CRS3035RES200mN2391400E3727200";"CRS3035RES1000mN2391000E3727000";"CRS3035RES1000mN2391000E3727000";1;0;"12202";8;3,2;0,1;0,7;0,2;3,1;0,1;271732,4;469,6;0,2;3;0,1;0,4;1,4;1,2;0,1;0;0,1;0,1;0,6;0,7;0,7;0,6;2,2;0,7;1,9;0,4
"456606";"12";"CRS3035RES200mN2391400E3727400";"CRS3035RES1000mN2391000E3727000";"CRS3035RES1000mN2391000E3727000";0;0;"12202";155,5;82;10;37;1;18;12;3075928,9;4987;67;15;0;0;1;81;0;15;10;7,5;7;10;15;57;26;14;8;1
"456607";"12";"CRS3035RES200mN2391400E3727600";"CRS3035RES1000mN2391000E3727000";"CRS3035RES1000mN2391000E3727000";0;0;"12202";75;28;1;3;4;20;3;1933671,6;3089;1;27;1;0;12;15;0;0;7;2;5,5;8,5;1;14;12;12;11;2
"456608";"12";"CRS3035RES200mN2391400E3728800";"CRS3035RES1000mN2391000E3728000";"CRS3035RES1000mN2391000E3728000";1;0;"1220212176";15;7,4;0,2;1,9;0,2;6,6;0,2;418569,3;897,7;0,8;6,6;0,4;0,6;4,7;1,7;0;0;0,2;0,4;0,6;0,1;0,2;0,9;2,1;2,6;6;1,9
"457101";"12";"CRS3035RES200mN2391600E3725800";"CRS3035RES1000mN2391000E3725000";"CRS3035RES2000mN2390000E3724000";1;0;"1220212090";3;1,1;0;0,2;0,1;0,9;0,2;82349,7;128,8;0,3;0,8;0,4;0,2;0,3;0,2;0;0;0,1;0,1;0,3;0,4;0,1;0,5;0,7;0,3;0,3;0,2
"457102";"12";"CRS3035RES200mN2391600E3726200";"CRS3035RES1000mN2391000E3726000";"CRS3035RES1000mN2391000E3726000";1;0;"12202";2;0,8;0,1;0,1;0;0,8;0,1;48290,5;96,1;0;0,8;0,1;0;0,6;0,1;0;0;0;0;0,1;0,2;0,2;0,1;0,4;0,4;0,5;0,1
"457103";"12";"CRS3035RES200mN2391600E3726400";"CRS3035RES1000mN2391000E3726000";"CRS3035RES1000mN2391000E3726000";1;0;"12202";4;1,7;0,3;0,2;0,1;1,6;0,2;96581;192,3;0,1;1,6;0,2;0,1;1,1;0,3;0;0;0,1;0;0,1;0,3;0,4;0,2;0,8;0,9;0,9;0,3
"457104";"12";"CRS3035RES200mN2391600E3726800";"CRS3035RES1000mN2391000E3726000";"CRS3035RES1000mN2391000E3726000";1;0;"12202";2;0,8;0,1;0,1;0;0,8;0,1;48290,5;96,1;0;0,8;0,1;0;0,6;0,1;0;0;0;0;0,1;0,2;0,2;0,1;0,4;0,4;0,5;0,1
"457105";"12";"CRS3035RES200mN2391600E3727000";"CRS3035RES1000mN2391000E3727000";"CRS3035RES1000mN2391000E3727000";1;0;"12202";16,5;6,6;0,1;1,4;0,4;6,3;0,3;560448,1;968,5;0,4;6,2;0,1;0,8;2,9;2,6;0,2;0;0,3;0,2;1,3;1,5;1,4;1,2;4,5;1,5;3,8;0,8
"457106";"12";"CRS3035RES200mN2391600E3727200";"CRS3035RES1000mN2391000E3727000";"CRS3035RES1000mN2391000E3727000";1;0;"12202";22;8,8;0,2;1,8;0,5;8,4;0,4;747264,2;1291,3;0,6;8,2;0,2;1,1;3,8;3,5;0,2;0;0,4;0,3;1,7;1,9;1,8;1,7;6;2;5,1;1,1
"457107";"12";"CRS3035RES200mN2391600E3727400";"CRS3035RES1000mN2391000E3727000";"CRS3035RES1000mN2391000E3727000";0;0;"1220212176";193;87;5;41;10;27;12;4088078,8;6505;55;32;0;0;5;82;0;0;7,5;12,5;20;26;10,5;57;45,5;5;9;0
"457108";"12";"CRS3035RES200mN2391600E3727600";"CRS3035RES1000mN2391000E3727000";"CRS3035RES1000mN2391000E3727000";0;0;"1220212176";78;32;3;5;3;29;2;2239122;4311;1;31;0;0;30;2;0;0;0;0;5;9;1;4;15;5;32;7
"457109";"12";"CRS3035RES200mN2391600E3727800";"CRS3035RES1000mN2391000E3727000";"CRS3035RES1000mN2391000E3727000";1;0;"1220212176";12;4,8;0,1;1;0,3;4,6;0,2;407598,6;704,4;0,3;4,5;0,1;0,6;2,1;1,9;0,1;0;0,2;0,2;0,9;1;1;0,9;3,3;1,1;2,8;0,6
"457110";"12";"CRS3035RES200mN2391600E3728000";"CRS3035RES1000mN2391000E3728000";"CRS3035RES1000mN2391000E3728000";1;0;"1220212176";3;1,5;0;0,4;0;1,3;0;83713,9;179,5;0,2;1,3;0,1;0,1;0,9;0,4;0;0;0;0,1;0,1;0;0,1;0,2;0,4;0,5;1,2;0,4
"457593";"12";"CRS3035RES200mN2391800E3725800";"CRS3035RES1000mN2391000E3725000";"CRS3035RES2000mN2390000E3724000";1;0;"12202";4;1,5;0;0,3;0,2;1,2;0,3;109799,6;171,8;0,4;1,1;0,6;0,2;0,4;0,3;0;0;0,1;0,1;0,4;0,5;0,1;0,7;0,9;0,5;0,4;0,3
"457594";"12";"CRS3035RES200mN2391800E3726000";"CRS3035RES1000mN2391000E3726000";"CRS3035RES1000mN2391000E3726000";1;0;"12202";5;2,1;0,3;0,2;0,1;2;0,2;120726,3;240,3;0,1;2;0,2;0,1;1,4;0,4;0;0;0,1;0;0,1;0,4;0,6;0,2;1;1,1;1,2;0,3
"457595";"12";"CRS3035RES200mN2391800E3726400";"CRS3035RES1000mN2391000E3726000";"CRS3035RES1000mN2391000E3726000";1;0;"12202";4;1,7;0,3;0,2;0,1;1,6;0,2;96581;192,3;0,1;1,6;0,2;0,1;1,1;0,3;0;0;0,1;0;0,1;0,3;0,4;0,2;0,8;0,9;0,9;0,3
"457596";"12";"CRS3035RES200mN2391800E3726600";"CRS3035RES1000mN2391000E3726000";"CRS3035RES1000mN2391000E3726000";1;0;"12202";4;1,7;0,3;0,2;0,1;1,6;0,2;96581;192,3;0,1;1,6;0,2;0,1;1,1;0,3;0;0;0,1;0;0,1;0,3;0,4;0,2;0,8;0,9;0,9;0,3
"457597";"12";"CRS3035RES200mN2391800E3727000";"CRS3035RES1000mN2391000E3727000";"CRS3035RES1000mN2391000E3727000";1;0;"12202";2;0,8;0;0,2;0;0,8;0;67933,1;117,4;0,1;0,7;0;0,1;0,4;0,3;0;0;0;0;0,2;0,2;0,2;0,1;0,5;0,2;0,5;0,1
"457598";"12";"CRS3035RES200mN2391800E3727200";"CRS3035RES1000mN2391000E3727000";"CRS3035RES1000mN2391000E3727000";0;0;"1220212176";40;19;2;6;2;18;0;1054695,3;2436;1;18;0;3;16;0;0;0;0;1;0;5;2;1;5;3;12;11
"458091";"12";"CRS3035RES200mN2392000E3725800";"CRS3035RES1000mN2392000E3725000";"CRS3035RES2000mN2392000E3724000";1;1;"1220212090";3;1,2;0,2;0,2;0,2;0,7;0,2;64073,2;117;0,5;0,7;0,4;0;0,4;0,4;0;0;0,1;0,1;0,1;0,1;0,5;0,2;0,6;0,5;0,5;0,3
"458092";"12";"CRS3035RES200mN2392000E3726000";"CRS3035RES1000mN2392000E3726000";"CRS3035RES1000mN2392000E3726000";1;0;"12202";2;0,8;0;0,2;0,1;0,7;0,1;49885,8;90,1;0,1;0,7;0;0;0,4;0,4;0;0;0,1;0;0;0,2;0,1;0,3;0,5;0,3;0,4;0,1
"458093";"12";"CRS3035RES200mN2392000E3726200";"CRS3035RES1000mN2392000E3726000";"CRS3035RES1000mN2392000E3726000";1;0;"12202";10;3,9;0,2;1;0,3;3,3;0,3;249428,9;450,4;0,4;3,5;0;0;1,7;2,1;0,1;0;0,5;0,1;0,2;1,1;0,7;1,5;2,2;1,7;1,8;0,2
"458094";"12";"CRS3035RES200mN2392000E3726400";"CRS3035RES1000mN2392000E3726000";"CRS3035RES1000mN2392000E3726000";1;0;"12202";14;5,5;0,3;1,4;0,5;4,6;0,5;349200,5;630,6;0,6;4,9;0;0;2,4;3;0,1;0;0,6;0,2;0,3;1,6;0,9;2;3,2;2,4;2,5;0,3
"458095";"12";"CRS3035RES200mN2392000E3726600";"CRS3035RES1000mN2392000E3726000";"CRS3035RES1000mN2392000E3726000";1;0;"12202";8;3,1;0,2;0,8;0,3;2,6;0,3;199543,1;360,4;0,3;2,8;0;0;1,3;1,7;0,1;0;0,4;0,1;0,2;0,9;0,5;1,2;1,8;1,3;1,4;0,2
"458096";"12";"CRS3035RES200mN2392000E3727000";"CRS3035RES1000mN2392000E3727000";"CRS3035RES1000mN2392000E3727000";1;0;"1220212176";8;3,2;0,6;1,1;0;2,8;0,2;230803,6;512,6;0,4;2,8;0;0;1,9;1,3;0;0;0;0;1,7;0,6;0,2;1,1;2,2;0,7;1,1;0,4
"458597";"12";"CRS3035RES200mN2392200E3725800";"CRS3035RES1000mN2392000E3725000";"CRS3035RES2000mN2392000E3724000";1;1;"1220212090";4;1,5;0,2;0,3;0,2;0,9;0,2;85430,9;156;0,6;0,9;0,5;0;0,5;0,5;0;0;0,1;0,1;0,2;0,2;0,6;0,2;0,9;0,6;0,7;0,4
"458598";"12";"CRS3035RES200mN2392200E3726200";"CRS3035RES1000mN2392000E3726000";"CRS3035RES1000mN2392000E3726000";1;0;"12202";6;2,4;0,1;0,6;0,2;2;0,2;149657,4;270,3;0,3;2,1;0;0;1;1,3;0,1;0;0,3;0,1;0,1;0,7;0,4;0,9;1,3;1;1,1;0,1
"458599";"12";"CRS3035RES200mN2392200E3726400";"CRS3035RES1000mN2392000E3726000";"CRS3035RES1000mN2392000E3726000";1;0;"1220212176";4;1,6;0,1;0,4;0,1;1,3;0,1;99771,6;180,2;0,2;1,4;0;0;0,7;0,9;0;0;0,2;0;0,1;0,4;0,3;0,6;0,9;0,7;0,7;0,1
"459112";"12";"CRS3035RES200mN2392400E3726800";"CRS3035RES1000mN2392000E3726000";"CRS3035RES1000mN2392000E3726000";1;0;"1220212176";2;0,8;0;0,2;0,1;0,7;0,1;49885,8;90,1;0,1;0,7;0;0;0,4;0,4;0;0;0,1;0;0;0,2;0,1;0,3;0,5;0,3;0,4;0,1
