"code","dpt","ville","bloc","voix","montant"
"67021","67","Barr","DTE",29.7,464.046182817869
"67021","67","Barr","EXD",7.21,464.046182817869
"67028","67","Benfeld","CENT",15.78,317.641811245646
"67043","67","Bischheim","AUT",8.99,661.391670445956
"67043","67","Bischheim","CENT",4.05,661.391670445956
"67043","67","Bischheim","DTE",13.42,661.391670445956
"67046","67","Bischwiller","CENT",28.74,613.224073024611
"67046","67","Bischwiller","AUT",5.38,613.224073024611
"67061","67","Bouxwiller","DTE",42.45,566.262404227213
"67067","67","Brumath","DTE",22.28,376.914405193813
"67067","67","Brumath","AUT",13.58,376.914405193813
"67073","67","Châtenois","AUT",18.65,351.275104669887
"67073","67","Châtenois","DTE",25.33,351.275104669887
"67106","67","Drusenheim","DTE",23.6,383.01133234641
"67118","67","Eckbolsheim","DTE",14.78,293.444745554036
"67130","67","Erstein","CENT",28.83,20.9470803180559
"67130","67","Erstein","EXD",5.97,20.9470803180559
"67131","67","Eschau","DTE",24.37,502.12298037889
"67137","67","Fegersheim","DTE",20.61,458.158727085832
"67151","67","Gambsheim","DTE",41.94,295.081315789474
"67151","67","Gambsheim","AUT",5.16,295.081315789474
"67152","67","Geispolsheim","DTE",27.8,353.424685984172
"67152","67","Geispolsheim","AUT",10.32,353.424685984172
"67176","67","Gundershoffen","DTE",31.84,308.662750582751
"67176","67","Gundershoffen","AUT",13.75,308.662750582751
"67180","67","Haguenau","AUT",6.4,397.116459472763
"67180","67","Haguenau","DTE",18.87,397.116459472763
"67180","67","Haguenau","EXD",3.45,397.116459472763
"67194","67","Herrlisheim","DTE",35.48,287.483686635945
"67194","67","Herrlisheim","AUT",0,287.483686635945
"67202","67","Hochfelden","DTE",23.01,185.934213098729
"67204","67","Hoenheim","CENT",25.29,411.88921624913
"67205","67","Hoerdt","DTE",27.42,361.80673828125
"67212","67","Holtzheim","CENT",22.12,296.943026449644
"67218","67","Illkirch-Graffenstaden","AUT",3.96,552.651985479117
"67218","67","Illkirch-Graffenstaden","DTE",3.97,552.651985479117
"67218","67","Illkirch-Graffenstaden","CENT",9.2,552.651985479117
"67222","67","Ingwiller","DTE",38.73,366.139040178571
"67267","67","Lingolsheim","DTE",18.07,360.193272648669
"67267","67","Lingolsheim","GAU",8.73,360.193272648669
"67281","67","Marckolsheim","DTE",20.2,496.139875818469
"67282","67","Marlenheim","DTE",40.08,275.908972248354
"67300","67","Molsheim","CENT",21.06,757.523998095641
"67300","67","Molsheim","DTE",32.19,757.523998095641
"67309","67","Mundolsheim","AUT",20.7,706.974619298907
"67313","67","Mutzig","DTE",29.32,548.914118985696
"67313","67","Mutzig","AUT",14.01,548.914118985696
"67324","67","Niederbronn-les-Bains","DTE",25.51,761.414086917361
"67324","67","Niederbronn-les-Bains","AUT",15.07,761.414086917361
"67339","67","Betschdorf","DTE",24,298.933552322853
"67343","67","Oberhausbergen","DTE",44.94,573.249828311142
"67348","67","Obernai","DTE",23.18,719.521787705111
"67348","67","Obernai","AUT",13.78,719.521787705111
"67365","67","Ostwald","DTE",15.35,534.466762463343
"67372","67","Val de Moder","DTE",21.11,270.61184504011
"67378","67","Plobsheim","AUT",20.99,241.032695883134
"67388","67","Reichshoffen","DTE",23.17,445.617496353027
"67388","67","Reichshoffen","AUT",19.42,445.617496353027
"67389","67","Reichstett","DTE",21.64,482.226700087184
"67411","67","Rosheim","AUT",17.71,463.508401892974
"67411","67","Rosheim","DTE",27.06,463.508401892974
"67437","67","Saverne","CENT",4.26,836.887324223817
"67437","67","Saverne","DTE",31.71,836.887324223817
"67447","67","Schiltigheim","DTE",6.41,647.254749234414
"67447","67","Schiltigheim","CENT",4.06,647.254749234414
"67447","67","Schiltigheim","EXG",0.6,647.254749234414
"67447","67","Schiltigheim","AUT",20.1,647.254749234414
"67458","67","Schweighouse-sur-Moder","DTE",30.86,384.999675236807
"67458","67","Schweighouse-sur-Moder","AUT",15.34,384.999675236807
"67462","67","Sélestat","GAU",9.02,770.514928093984
"67462","67","Sélestat","DTE",14.07,770.514928093984
"67462","67","Sélestat","CENT",12.33,770.514928093984
"67471","67","Souffelweyersheim","DTE",30.43,420.897738297356
"67471","67","Souffelweyersheim","AUT",4.72,420.897738297356
"67472","67","Soufflenheim","DTE",22.32,289.372209567198
"67472","67","Soufflenheim","AUT",20.99,289.372209567198
"67482","67","Strasbourg","EXG",0.53,753.159054331147
"67482","67","Strasbourg","AUT",1.15,753.159054331147
"67482","67","Strasbourg","CENT",6.71,753.159054331147
"67482","67","Strasbourg","EXD",2.12,753.159054331147
"67482","67","Strasbourg","DTE",6.18,753.159054331147
"67482","67","Strasbourg","GAU",16.11,753.159054331147
"67495","67","Truchtersheim","DTE",31.26,310.134163468051
"67506","67","Vendenheim","DTE",23.84,488.872258277055
"67519","67","La Wantzenau","DTE",51.52,333.526456140351
"67520","67","Wasselonne","CENT",19.71,304.696040809328
"67520","67","Wasselonne","DTE",26.55,304.696040809328
"67544","67","Wissembourg","CENT",14.51,659.520563106796
"67544","67","Wissembourg","DTE",10.67,659.520563106796
"67544","67","Wissembourg","AUT",22.57,659.520563106796
"67551","67","Wolfisheim","AUT",13.82,447.394107227208
"67551","67","Wolfisheim","DTE",25.03,447.394107227208
