"dpt","code","ville","nuance","voix"
"75","75056SR01","Paris 1er secteur","LVEC",4.71
"75","75056SR05","Paris 5eme secteur","LFI",1.41
"75","75056SR06","Paris 6eme secteur","LEXG",0.14
"75","75056SR07","Paris 7eme secteur","LUD",23.27
"75","75056SR08","Paris 8eme secteur","LDIV",0.21
"75","75056SR09","Paris 9eme secteur","LVEC",4.36
"75","75056SR10","Paris 10eme secteur","LRN",0.66
"75","75056SR11","Paris 11eme secteur","LDVC",2.67
"75","75056SR12","Paris 12eme secteur","LFI",2.08
"75","75056SR13","Paris 13eme secteur","LUC",5.01
"75","75056SR14","Paris 14eme secteur","LEXG",0.27
"75","75056SR15","Paris 15eme secteur","LDVD",9.08
"75","75056SR16","Paris 16eme secteur","LUD",19.03
"75","75056SR17","Paris 17eme secteur","LRN",0.74
"75","75056SR18","Paris 18eme secteur","LFI",3.67
"75","75056SR19","Paris 19eme secteur","LDVC",4.09
"75","75056SR20","Paris 20eme secteur","LDIV",0.22
"75","75056SR01","Paris 1er secteur","LUC",9.56
"75","75056SR05","Paris 5eme secteur","LDIV",0.06
"75","75056SR06","Paris 6eme secteur","LVEC",3.34
"75","75056SR07","Paris 7eme secteur","LDVD",0.98
"75","75056SR08","Paris 8eme secteur","LUD",14.48
"75","75056SR09","Paris 9eme secteur","LDVC",3.22
"75","75056SR10","Paris 10eme secteur","LDVC",2.92
"75","75056SR11","Paris 11eme secteur","LEXG",0.3
"75","75056SR12","Paris 12eme secteur","LEXG",0.32
"75","75056SR13","Paris 13eme secteur","LDIV",0.85
"75","75056SR14","Paris 14eme secteur","LDVC",5.25
"75","75056SR15","Paris 15eme secteur","LUC",7.1
"75","75056SR16","Paris 16eme secteur","LUC",9.38
"75","75056SR17","Paris 17eme secteur","LDVC",2.49
"75","75056SR18","Paris 18eme secteur","LUG",12.51
"75","75056SR19","Paris 19eme secteur","LDIV",0.21
"75","75056SR20","Paris 20eme secteur","LEXG",0.37
"75","75056SR01","Paris 1er secteur","LFI",1.13
"75","75056SR05","Paris 5eme secteur","LDVD",0.85
"75","75056SR06","Paris 6eme secteur","LDVC",3.88
"75","75056SR07","Paris 7eme secteur","LRN",0.65
"75","75056SR08","Paris 8eme secteur","LDVD",5.01
"75","75056SR09","Paris 9eme secteur","LUD",7.16
"75","75056SR10","Paris 10eme secteur","LFI",2.07
"75","75056SR11","Paris 11eme secteur","LVEC",5.8
"75","75056SR12","Paris 12eme secteur","LUG",14.25
"75","75056SR13","Paris 13eme secteur","LDIV",0.2
"75","75056SR14","Paris 14eme secteur","LDVG",0.38
"75","75056SR15","Paris 15eme secteur","LEXG",0.18
"75","75056SR16","Paris 16eme secteur","LVEC",1.58
"75","75056SR17","Paris 17eme secteur","LFI",0.89
"75","75056SR18","Paris 18eme secteur","LUC",6.71
"75","75056SR19","Paris 19eme secteur","LUG",14.69
"75","75056SR20","Paris 20eme secteur","LUG",14.65
"75","75056SR01","Paris 1er secteur","LUD",9.29
"75","75056SR05","Paris 5eme secteur","LEXG",0.21
"75","75056SR06","Paris 6eme secteur","LDIV",0.19
"75","75056SR07","Paris 7eme secteur","LUC",10.62
"75","75056SR08","Paris 8eme secteur","LUG",4.24
"75","75056SR09","Paris 9eme secteur","LUC",16.79
"75","75056SR10","Paris 10eme secteur","LVEC",6.75
"75","75056SR11","Paris 11eme secteur","LFI",2.07
"75","75056SR12","Paris 12eme secteur","LRN",0.43
"75","75056SR13","Paris 13eme secteur","LDVC",2.86
"75","75056SR14","Paris 14eme secteur","LVEC",4.89
"75","75056SR15","Paris 15eme secteur","LVEC",3.38
"75","75056SR16","Paris 16eme secteur","LUG",3.21
"75","75056SR17","Paris 17eme secteur","LUC",9.53
"75","75056SR18","Paris 18eme secteur","LRN",0.36
"75","75056SR19","Paris 19eme secteur","LVEC",5.25
"75","75056SR20","Paris 20eme secteur","LRN",0.75
"75","75056SR01","Paris 1er secteur","LRN",0.5
"75","75056SR05","Paris 5eme secteur","LDVC",3.54
"75","75056SR06","Paris 6eme secteur","LUG",8.15
"75","75056SR07","Paris 7eme secteur","LUG",5.25
"75","75056SR08","Paris 8eme secteur","LVEC",2.4
"75","75056SR09","Paris 9eme secteur","LRN",0.58
"75","75056SR10","Paris 10eme secteur","LEXG",0.35
"75","75056SR11","Paris 11eme secteur","LDIV",0.17
"75","75056SR12","Paris 12eme secteur","LUC",7.06
"75","75056SR13","Paris 13eme secteur","LFI",2.41
"75","75056SR14","Paris 14eme secteur","LUD",8.87
"75","75056SR15","Paris 15eme secteur","LFI",0.86
"75","75056SR16","Paris 16eme secteur","LDVC",2.21
"75","75056SR17","Paris 17eme secteur","LUD",16.84
"75","75056SR18","Paris 18eme secteur","LVEC",6.78
"75","75056SR19","Paris 19eme secteur","LDVC",2.07
"75","75056SR20","Paris 20eme secteur","LDVD",0.52
"75","75056SR01","Paris 1er secteur","LEXG",0.2
"75","75056SR05","Paris 5eme secteur","LDVD",0.94
"75","75056SR06","Paris 6eme secteur","LUC",9.92
"75","75056SR07","Paris 7eme secteur","LFI",0.31
"75","75056SR08","Paris 8eme secteur","LUC",11.1
"75","75056SR09","Paris 9eme secteur","LDIV",0.24
"75","75056SR10","Paris 10eme secteur","LDIV",0.16
"75","75056SR11","Paris 11eme secteur","LUD",5.59
"75","75056SR12","Paris 12eme secteur","LUD",9.76
"75","75056SR13","Paris 13eme secteur","LUG",15.9
"75","75056SR14","Paris 14eme secteur","LUC",6.8
"75","75056SR15","Paris 15eme secteur","LDVC",3
"75","75056SR16","Paris 16eme secteur","LDVG",0.12
"75","75056SR17","Paris 17eme secteur","LEXG",0.2
"75","75056SR18","Paris 18eme secteur","LDVC",2.42
"75","75056SR19","Paris 19eme secteur","LRN",0.65
"75","75056SR20","Paris 20eme secteur","LUD",5.33
"75","75056SR01","Paris 1er secteur","LDIV",0.17
"75","75056SR05","Paris 5eme secteur","LDIV",0.17
"75","75056SR06","Paris 6eme secteur","LUD",16.73
"75","75056SR07","Paris 7eme secteur","LVEC",1.84
"75","75056SR08","Paris 8eme secteur","LRN",0.65
"75","75056SR09","Paris 9eme secteur","LFI",1.17
"75","75056SR10","Paris 10eme secteur","LDVG",0.35
"75","75056SR11","Paris 11eme secteur","LRN",0.26
"75","75056SR12","Paris 12eme secteur","LDVC",3.37
"75","75056SR13","Paris 13eme secteur","LVEC",4.17
"75","75056SR14","Paris 14eme secteur","LFI",1.53
"75","75056SR15","Paris 15eme secteur","LUD",9.69
"75","75056SR16","Paris 16eme secteur","LDIV",0.22
"75","75056SR17","Paris 17eme secteur","LVEC",3.82
"75","75056SR18","Paris 18eme secteur","LEXG",0.17
"75","75056SR19","Paris 19eme secteur","LUD",5
"75","75056SR20","Paris 20eme secteur","LDVG",0.56
"75","75056SR01","Paris 1er secteur","LUG",15.3
"75","75056SR05","Paris 5eme secteur","LRN",0.56
"75","75056SR06","Paris 6eme secteur","LDIV",0.21
"75","75056SR07","Paris 7eme secteur","LDIV",0.14
"75","75056SR08","Paris 8eme secteur","LDVD",0.22
"75","75056SR09","Paris 9eme secteur","LUG",11.4
"75","75056SR10","Paris 10eme secteur","LUD",6.04
"75","75056SR11","Paris 11eme secteur","LDVD",1.3
"75","75056SR12","Paris 12eme secteur","LDIV",0.3
"75","75056SR13","Paris 13eme secteur","LEXG",0.39
"75","75056SR14","Paris 14eme secteur","LUG",14.26
"75","75056SR15","Paris 15eme secteur","LRN",0.88
"75","75056SR16","Paris 16eme secteur","LFI",0.2
"75","75056SR17","Paris 17eme secteur","LDIV",0.19
"75","75056SR18","Paris 18eme secteur","LEXG",0.25
"75","75056SR19","Paris 19eme secteur","LEXG",0.32
"75","75056SR20","Paris 20eme secteur","LDVC",2.65
"75","75056SR01","Paris 1er secteur","LDVC",3.63
"75","75056SR05","Paris 5eme secteur","LUG",11.9
"75","75056SR06","Paris 6eme secteur","LRN",0.64
"75","75056SR07","Paris 7eme secteur","LDIV",0.21
"75","75056SR08","Paris 8eme secteur","LFI",0.38
"75","75056SR09","Paris 9eme secteur","LDIV",0.18
"75","75056SR10","Paris 10eme secteur","LUG",18.12
"75","75056SR11","Paris 11eme secteur","LUG",18.62
"75","75056SR12","Paris 12eme secteur","LVEC",5.1
"75","75056SR13","Paris 13eme secteur","LUD",6.76
"75","75056SR14","Paris 14eme secteur","LRN",0.72
"75","75056SR15","Paris 15eme secteur","LUG",8.37
"75","75056SR16","Paris 16eme secteur","LDVD",2.09
"75","75056SR17","Paris 17eme secteur","LUG",7.06
"75","75056SR18","Paris 18eme secteur","LUD",4.47
"75","75056SR19","Paris 19eme secteur","LFI",3.06
"75","75056SR20","Paris 20eme secteur","LFI",4.18
"75","75056SR01","Paris 1er secteur","LDVD",0.63
"75","75056SR05","Paris 5eme secteur","LDIV",0.41
"75","75056SR06","Paris 6eme secteur","LFI",0.54
"75","75056SR07","Paris 7eme secteur","LDVC",2.63
"75","75056SR08","Paris 8eme secteur","LDVC",3.02
"75","75056SR09","Paris 9eme secteur","LEXG",0.22
"75","75056SR10","Paris 10eme secteur","LUC",6.37
"75","75056SR11","Paris 11eme secteur","LDIV",0.36
"75","75056SR13","Paris 13eme secteur","LRN",0.85
"75","75056SR14","Paris 14eme secteur","LDIV",0.24
"75","75056SR16","Paris 16eme secteur","LDVD",1.31
"75","75056SR17","Paris 17eme secteur","LDIV",0.25
"75","75056SR18","Paris 18eme secteur","LDIV",0.16
"75","75056SR19","Paris 19eme secteur","LEXG",0.25
"75","75056SR20","Paris 20eme secteur","LUC",4.82
"75","75056SR01","Paris 1er secteur","LDIV",0.26
"75","75056SR05","Paris 5eme secteur","LUD",8.09
"75","75056SR09","Paris 9eme secteur","LDIV",0.17
"75","75056SR11","Paris 11eme secteur","LUC",6.12
"75","75056SR13","Paris 13eme secteur","LDIV",0.21
"75","75056SR14","Paris 14eme secteur","LEXG",0.18
"75","75056SR16","Paris 16eme secteur","LRN",0.45
"75","75056SR18","Paris 18eme secteur","LDVD",1.37
"75","75056SR20","Paris 20eme secteur","LVEC",4.4
"75","75056SR05","Paris 5eme secteur","LVEC",5.34
"75","75056SR18","Paris 18eme secteur","LDIV",0.2
"75","75056SR05","Paris 5eme secteur","LUC",13.34
"75","75056SR18","Paris 18eme secteur","LDIV",0.31
"75","75056SR18","Paris 18eme secteur","LDIV",0.11
