"dpt","ville","nuance","voix"
"29","Bourg-Blanc","LDIV",56.78
"29","Brest","LDIV",4.06
"29","Briec","LDIV",12.61
"29","Clohars-Carnoët","LDIV",30.89
"29","Douarnenez","LDIV",14.18
"29","Guilers","LDIV",22.1
"29","Guipavas","LDIV",19.04
"29","Landéda","LDIV",18.2
"29","Lannilis","LDIV",46.52
"29","Loperhet","LDIV",29.51
"29","Milizac-Guipronvel","LDIV",48.84
"29","Penmarch","LDIV",12.8
"29","Plabennec","LDIV",25.04
"29","Plomeur","LDIV",12.09
"29","Ploudalmézeau","LDIV",19.44
"29","Plougastel-Daoulas","LDIV",5.38
"29","Plougonvelin","LDIV",27.95
"29","Plouvien","LDIV",34.83
"29","Pluguffan","LDIV",12.02
"29","Quimper","LDIV",0.71
"29","Saint-Evarzec","LDIV",15.77
"29","Saint-Renan","LDIV",19.88
"29","Carhaix-Plouguer","LDVC",14.48
"29","Cléder","LDVC",48.31
"29","Crozon","LDVC",35.66
"29","Pleyben","LDVC",54.39
"29","Plonéour-Lanvern","LDVC",32.72
"29","Ploudaniel","LDVC",29.79
"29","Plouhinec","LDVC",28.07
"29","Plouzané","LDVC",15.23
"29","Pluguffan","LDVC",25.32
"29","Quimper","LDVC",2.26
"29","Audierne","LDVD",28.46
"29","Bénodet","LDVD",30.6
"29","Brest","LDVD",6.86
"29","Châteaulin","LDVD",26.5
"29","Châteauneuf-du-Faou","LDVD",24.54
"29","Combrit","LDVD",11.62
"29","Concarneau","LDVD",15.26
"29","Douarnenez","LDVD",9.78
"29","Ergué-Gabéric","LDVD",37.42
"29","Fouesnant","LDVD",30.14
"29","Gouesnou","LDVD",35.4
"29","Guilers","LDVD",24.25
"29","Guipavas","LDVD",19.53
"29","Landerneau","LDVD",27.89
"29","Landivisiau","LDVD",20.38
"29","Lesneven","LDVD",13.65
"29","Locmaria-Plouzané","LDVD",31.56
"29","Loctudy","LDVD",39.78
"29","Moëlan-sur-Mer","LDVD",16.93
"29","Morlaix","LDVD",15.23
"29","Plabennec","LDVD",32.17
"29","Plomelin","LDVD",25.97
"29","Plomeur","LDVD",32.31
"29","Plouarzel","LDVD",26.35
"29","Ploudalmézeau","LDVD",31.36
"29","Plougastel-Daoulas","LDVD",19.65
"29","Plougonvelin","LDVD",25.3
"29","Plouguerneau","LDVD",19.12
"29","Plouhinec","LDVD",21.66
"29","Plouigneau","LDVD",25.96
"29","Pont-de-Buis-lès-Quimerch","LDVD",17.1
"29","Pont-l'Abbé","LDVD",23.38
"29","Quimper","LDVD",11.59
"29","Quimperlé","LDVD",9.48
"29","Rosporden","LDVD",11.11
"29","Saint-Evarzec","LDVD",37.27
"29","Saint-Pol-de-Léon","LDVD",30.58
"29","Saint-Renan","LDVD",26.59
"29","Scaër","LDVD",31.21
"29","Audierne","LDVG",31.87
"29","Bannalec","LDVG",25.39
"29","Bénodet","LDVG",17.98
"29","Brest","LDVG",2.59
"29","Briec","LDVG",29.61
"29","Carhaix-Plouguer","LDVG",34.34
"29","Châteaulin","LDVG",21.63
"29","Châteauneuf-du-Faou","LDVG",37.09
"29","Clohars-Carnoët","LDVG",25.7
"29","Combrit","LDVG",35.81
"29","Concarneau","LDVG",11.55
"29","Crozon","LDVG",12.52
"29","Douarnenez","LDVG",18.79
"29","Ergué-Gabéric","LDVG",9.62
"29","Fouesnant","LDVG",12.7
"29","Gouesnou","LDVG",11.19
"29","Landéda","LDVG",27.09
"29","Landerneau","LDVG",10.71
"29","Landivisiau","LDVG",11.07
"29","Le Relecq-Kerhuon","LDVG",18.89
"29","Lesneven","LDVG",27
"29","Locmaria-Plouzané","LDVG",21.78
"29","Loctudy","LDVG",11.55
"29","Loperhet","LDVG",23.75
"29","Moëlan-sur-Mer","LDVG",27.11
"29","Morlaix","LDVG",8.32
"29","Penmarch","LDVG",37.57
"29","Plomelin","LDVG",24.34
"29","Plonéour-Lanvern","LDVG",17.93
"29","Plougastel-Daoulas","LDVG",15.77
"29","Plouguerneau","LDVG",30.87
"29","Plouigneau","LDVG",29.47
"29","Plourin-lès-Morlaix","LDVG",28.27
"29","Plouzané","LDVG",10.79
"29","Pluguffan","LDVG",11.1
"29","Pont-de-Buis-lès-Quimerch","LDVG",31.87
"29","Pont-l'Abbé","LDVG",20.51
"29","Quimper","LDVG",14.08
"29","Quimperlé","LDVG",6.66
"29","Riec-sur-Belon","LDVG",27.16
"29","Rosporden","LDVG",28.62
"29","Saint-Martin-des-Champs","LDVG",27.5
"29","Saint-Pol-de-Léon","LDVG",12.89
"29","Scaër","LDVG",14.63
"29","Trégunc","LDVG",25.66
"29","Le Relecq-Kerhuon","LECO",10.51
"29","Quimper","LECO",2.7
"29","Brest","LEXG",0.45
"29","Arzano","LNC",53.83
"29","Baye","LNC",42.33
"29","Beuzec-Cap-Sizun","LNC",30.36
"29","Bodilis","LNC",31.01
"29","Bohars","LNC",19.82
"29","Brasparts","LNC",275
"29","Camaret-sur-Mer","LNC",52.79
"29","Carantec","LNC",57.26
"29","Cast","LNC",61.6
"29","Cléden-Poher","LNC",56.61
"29","Clohars-Fouesnant","LNC",30.02
"29","Coat-Méal","LNC",38.86
"29","Commana","LNC",64.17
"29","Coray","LNC",66.37
"29","Daoulas","LNC",27.92
"29","Dinéault","LNC",64
"29","Dirinon","LNC",57.09
"29","Edern","LNC",52.94
"29","Elliant","LNC",51.23
"29","Garlan","LNC",40.84
"29","Gouesnach","LNC",51.99
"29","Gouézec","LNC",33.84
"29","Guengat","LNC",47.33
"29","Guerlesquin","LNC",65.24
"29","Guiclan","LNC",61.33
"29","Guilvinec","LNC",27.92
"29","Guimiliau","LNC",60.13
"29","Guissény","LNC",29.12
"29","Hanvec","LNC",52.46
"29","Henvic","LNC",26.51
"29","Hôpital-Camfrout","LNC",49.34
"29","Huelgoat","LNC",30.04
"29","Irvillac","LNC",37.87
"29","Kerlouan","LNC",59.48
"29","Kernilis","LNC",36.31
"29","Kersaint-Plabennec","LNC",35.87
"29","La Forest-Landerneau","LNC",61.53
"29","La Forêt-Fouesnant","LNC",45.53
"29","La Roche-Maurice","LNC",60.6
"29","Lampaul-Guimiliau","LNC",58
"29","Lampaul-Plouarzel","LNC",58.6
"29","Landrévarzec","LNC",62.36
"29","Landudec","LNC",28.67
"29","Landunvez","LNC",37.3
"29","Lanhouarneau","LNC",35.41
"29","Lanmeur","LNC",31.58
"29","Lanrivoaré","LNC",32.96
"29","Lanvéoc","LNC",53.74
"29","Le Conquet","LNC",61.5
"29","Le Drennec","LNC",34.44
"29","Le Faou","LNC",26.01
"29","Le Folgoët","LNC",50.82
"29","Le Trévoux","LNC",33.38
"29","Locquirec","LNC",59.65
"29","Locunolé","LNC",58.24
"29","Logonna-Daoulas","LNC",50.2
"29","Melgven","LNC",20.42
"29","Mellac","LNC",53.27
"29","Névez","LNC",47.26
"29","Pencran","LNC",30.59
"29","Pleuven","LNC",28.17
"29","Pleyber-Christ","LNC",45.18
"29","Plobannalec-Lesconil","LNC",55.98
"29","Plogastel-Saint-Germain","LNC",31.48
"29","Plogoff","LNC",66.07
"29","Plogonnec","LNC",29.9
"29","Plomodiern","LNC",53.41
"29","Plonéis","LNC",26.99
"29","Plonévez-du-Faou","LNC",34.41
"29","Plonévez-Porzay","LNC",37.05
"29","Plouédern","LNC",26.74
"29","Plouégat-Guérand","LNC",61.58
"29","Plouénan","LNC",30.6
"29","Plouescat","LNC",50.3
"29","Plouézoc'h","LNC",37.06
"29","Plougasnou","LNC",55.31
"29","Plougonven","LNC",47.38
"29","Plougoulm","LNC",60.28
"29","Plougourvest","LNC",69.94
"29","Plouguin","LNC",30.73
"29","Plouider","LNC",36.46
"29","Ploumoguer","LNC",59.64
"29","Plounéour-Brignogan-Plages","LNC",27.56
"29","Plounéour-Ménez","LNC",64.7
"29","Plounéventer","LNC",62.87
"29","Plounévez-Lochrist","LNC",25.67
"29","Plounévézel","LNC",39.26
"29","Plourin","LNC",35.66
"29","Plouvorn","LNC",53.44
"29","Plouzévédé","LNC",30.73
"29","Plozévet","LNC",56.1
"29","Pont-Aven","LNC",48.94
"29","Pont-Croix","LNC",58.04
"29","Porspoder","LNC",61.7
"29","Pouldergat","LNC",54.72
"29","Pouldreuzic","LNC",52.77
"29","Poullan-sur-Mer","LNC",27.81
"29","Poullaouen","LNC",36.71
"29","Quéménéven","LNC",58.26
"29","Querrien","LNC",55.88
"29","Rédené","LNC",52.58
"29","Roscoff","LNC",53.48
"29","Saint-Divy","LNC",41.81
"29","Saint-Pabu","LNC",30.44
"29","Saint-Ségal","LNC",62.17
"29","Saint-Thégonnec Loc-Eguiner","LNC",29.07
"29","Saint-Thonan","LNC",39.23
"29","Saint-Thurien","LNC",35.37
"29","Saint-Urbain","LNC",35
"29","Saint-Yvi","LNC",24.96
"29","Sainte-Sève","LNC",31.59
"29","Santec","LNC",58.68
"29","Sibiril","LNC",59.14
"29","Sizun","LNC",56.84
"29","Spézet","LNC",38.95
"29","Taulé","LNC",52.92
"29","Telgruc-sur-Mer","LNC",60.46
"29","Tourch","LNC",62.26
"29","Treffiagat","LNC",54.58
"29","Tréméoc","LNC",34.25
"29","Tréméven","LNC",55.28
"29","Brest","LREM",4.58
"29","Concarneau","LREM",9.22
"29","Landivisiau","LREM",10.42
"29","Le Relecq-Kerhuon","LREM",10.84
"29","Morlaix","LREM",3.18
"29","Plougastel-Daoulas","LREM",5.71
"29","Quimper","LREM",5.27
"29","Brest","LRN",2.44
"29","Concarneau","LRN",2.61
"29","Quimper","LRN",1.72
"29","Plouzané","LSOC",12.81
"29","Quimperlé","LSOC",23.23
"29","Brest","LUG",9.64
"29","Morlaix","LUG",15.63
"29","Brest","LVEC",5.72
