"dpt","code","ville","bloc","voix"
"94","94028","Créteil","AUT",2.47
"94","94037","Gentilly","AUT",16.71
"94","94042","Joinville-le-Pont","AUT",10.48
"94","94044","Limeil-Brévannes","AUT",3.93
"94","94052","Nogent-sur-Marne","AUT",1.24
"94","94068","Saint-Maur-des-Fossés","AUT",0.73
"94","94077","Villeneuve-le-Roi","AUT",3.73
"94","94081","Vitry-sur-Seine","AUT",0.7
"94","94001","Ablon-sur-Seine","CENT",10.68
"94","94002","Alfortville","CENT",4.88
"94","94003","Arcueil","CENT",10.07
"94","94004","Boissy-Saint-Léger","CENT",4.53
"94","94011","Bonneuil-sur-Marne","CENT",6.41
"94","94015","Bry-sur-Marne","CENT",12.75
"94","94016","Cachan","CENT",6.76
"94","94017","Champigny-sur-Marne","CENT",4.44
"94","94018","Charenton-le-Pont","CENT",9.24
"94","94019","Chennevières-sur-Marne","CENT",7.39
"94","94021","Chevilly-Larue","CENT",10.07
"94","94022","Choisy-le-Roi","CENT",3.85
"94","94028","Créteil","CENT",2.65
"94","94033","Fontenay-sous-Bois","CENT",4.19
"94","94034","Fresnes","CENT",4.19
"94","94041","Ivry-sur-Seine","CENT",4.85
"94","94042","Joinville-le-Pont","CENT",12.64
"94","94038","L'Hay-les-Roses","CENT",5.89
"94","94060","La Queue-en-Brie","CENT",3.77
"94","94043","Le Kremlin-Bicêtre","CENT",4.8
"94","94058","Le Perreux-sur-Marne","CENT",3.85
"94","94059","Le Plessis-Trévise","CENT",21.57
"94","94046","Maisons-Alfort","CENT",2.18
"94","94052","Nogent-sur-Marne","CENT",10.81
"94","94054","Orly","CENT",1.73
"94","94055","Ormesson-sur-Marne","CENT",2.84
"94","94067","Saint-Mandé","CENT",11.52
"94","94068","Saint-Maur-des-Fossés","CENT",5.19
"94","94069","Saint-Maurice","CENT",6.89
"94","94071","Sucy-en-Brie","CENT",12.22
"94","94073","Thiais","CENT",5.17
"94","94074","Valenton","CENT",13.48
"94","94075","Villecresnes","CENT",24.43
"94","94076","Villejuif","CENT",1.93
"94","94078","Villeneuve-Saint-Georges","CENT",6.7
"94","94079","Villiers-sur-Marne","CENT",8.39
"94","94080","Vincennes","CENT",25.48
"94","94081","Vitry-sur-Seine","CENT",3.61
"94","94001","Ablon-sur-Seine","DTE",33.02
"94","94002","Alfortville","DTE",4.49
"94","94003","Arcueil","DTE",3.42
"94","94004","Boissy-Saint-Léger","DTE",8.13
"94","94015","Bry-sur-Marne","DTE",28.56
"94","94016","Cachan","DTE",6.88
"94","94017","Champigny-sur-Marne","DTE",12.74
"94","94018","Charenton-le-Pont","DTE",22.67
"94","94019","Chennevières-sur-Marne","DTE",20.69
"94","94021","Chevilly-Larue","DTE",6.06
"94","94022","Choisy-le-Roi","DTE",11.95
"94","94028","Créteil","DTE",6.66
"94","94033","Fontenay-sous-Bois","DTE",11.2
"94","94034","Fresnes","DTE",7.69
"94","94037","Gentilly","DTE",2.96
"94","94041","Ivry-sur-Seine","DTE",5.43
"94","94042","Joinville-le-Pont","DTE",18.2
"94","94038","L'Hay-les-Roses","DTE",21.05
"94","94060","La Queue-en-Brie","DTE",19.82
"94","94043","Le Kremlin-Bicêtre","DTE",4.17
"94","94058","Le Perreux-sur-Marne","DTE",22.32
"94","94059","Le Plessis-Trévise","DTE",6.42
"94","94044","Limeil-Brévannes","DTE",24.16
"94","94046","Maisons-Alfort","DTE",28.87
"94","94047","Mandres-les-Roses","DTE",40.75
"94","94048","Marolles-en-Brie","DTE",49.2
"94","94052","Nogent-sur-Marne","DTE",19.59
"94","94053","Noiseau","DTE",41.34
"94","94054","Orly","DTE",3.54
"94","94055","Ormesson-sur-Marne","DTE",27.12
"94","94065","Rungis","DTE",52.46
"94","94067","Saint-Mandé","DTE",14.45
"94","94068","Saint-Maur-des-Fossés","DTE",19.8
"94","94069","Saint-Maurice","DTE",20.65
"94","94070","Santeny","DTE",49.54
"94","94071","Sucy-en-Brie","DTE",21.46
"94","94073","Thiais","DTE",20.66
"94","94075","Villecresnes","DTE",16.2
"94","94076","Villejuif","DTE",15.61
"94","94077","Villeneuve-le-Roi","DTE",22.71
"94","94078","Villeneuve-Saint-Georges","DTE",10.9
"94","94079","Villiers-sur-Marne","DTE",12.37
"94","94081","Vitry-sur-Seine","DTE",4.16
"94","94059","Le Plessis-Trévise","EXD",2.65
"94","94002","Alfortville","EXG",1.03
"94","94003","Arcueil","EXG",1.77
"94","94004","Boissy-Saint-Léger","EXG",0.75
"94","94017","Champigny-sur-Marne","EXG",0.34
"94","94022","Choisy-le-Roi","EXG",0.62
"94","94028","Créteil","EXG",0.64
"94","94033","Fontenay-sous-Bois","EXG",0.62
"94","94041","Ivry-sur-Seine","EXG",1.31
"94","94043","Le Kremlin-Bicêtre","EXG",0.47
"94","94046","Maisons-Alfort","EXG",1.36
"94","94054","Orly","EXG",0.65
"94","94073","Thiais","EXG",0.9
"94","94076","Villejuif","EXG",0.53
"94","94078","Villeneuve-Saint-Georges","EXG",0.38
"94","94081","Vitry-sur-Seine","EXG",0.47
"94","94002","Alfortville","GAU",20.2
"94","94003","Arcueil","GAU",15.68
"94","94004","Boissy-Saint-Léger","GAU",17.55
"94","94011","Bonneuil-sur-Marne","GAU",21.79
"94","94017","Champigny-sur-Marne","GAU",11.19
"94","94018","Charenton-le-Pont","GAU",7.03
"94","94019","Chennevières-sur-Marne","GAU",2.97
"94","94022","Choisy-le-Roi","GAU",5.56
"94","94028","Créteil","GAU",14.11
"94","94033","Fontenay-sous-Bois","GAU",21.34
"94","94037","Gentilly","GAU",25.06
"94","94041","Ivry-sur-Seine","GAU",28.04
"94","94058","Le Perreux-sur-Marne","GAU",7.47
"94","94044","Limeil-Brévannes","GAU",5.18
"94","94046","Maisons-Alfort","GAU",6.53
"94","94054","Orly","GAU",3.95
"94","94067","Saint-Mandé","GAU",8.71
"94","94068","Saint-Maur-des-Fossés","GAU",6.56
"94","94069","Saint-Maurice","GAU",6.32
"94","94071","Sucy-en-Brie","GAU",7.02
"94","94074","Valenton","GAU",12.59
"94","94076","Villejuif","GAU",13.07
"94","94077","Villeneuve-le-Roi","GAU",4.09
"94","94078","Villeneuve-Saint-Georges","GAU",9.73
"94","94079","Villiers-sur-Marne","GAU",3.68
"94","94080","Vincennes","GAU",11.94
