prénom,cours,passé,futur,appetence,code
,,,,,
,,,,,
,,,,,
,,,,,
,,,,,
Lucia,3,License 2,urbanisme,1,75118
Mamoune,3,License 2,autre,3,93010
nathan,3,License 2,autre,3,
,,,,,
,,,,,
Nour,3,License 2,ne sait pas,3,75056
,,,,,
Lilian,3,License 2,,3,95527
Enzo,3,License 2,géomatique,2,75010
,,,,,
,,,,,
Lilou,3,Prépa,ne sait pas,4,29232
,,,,,
Fifaliana,3,License 2,urbanisme,2,93048
Elie-Grace,3,License 2,,3,94017
Erwan,3,License 2,urbanisme,4,93008
Ines,3,License 2,urbanisme,2,92026
,,,,,
Chaima,3,License 3,ne sait pas,3,93064
Gaspard,3,Prépa,ne sait pas,3,66124
,,,,,
,,,,,
Maksym,3,License 2,urbanisme,2,92023
,,,,,
Lucie,3,License 3,ne sait pas,3,92062
Louÿ,3,Prépa,urbanisme,2,72181
