"","Code.du.département","code","Libellé.de.la.commune","Code.Nuance","Sièges...Elu","Code.Nuance.1","Sièges...Elu.1","Code.Nuance.2","Sièges...Elu.2","Code.Nuance.3","Sièges...Elu.3","tour"
"979","75","75056SR16","Paris 16eme secteur","LUD",12,"LUC",1,"",NA,"",NA,2
"981","75","75056SR18","Paris 18eme secteur","LUG",13,"LUC",1,"LUD",1,"",NA,2
"982","75","75056SR19","Paris 19eme secteur","LDVC",0,"LUG",12,"LUD",2,"",NA,2
"983","75","75056SR20","Paris 20eme secteur","LUG",12,"LUD",1,"LFI",1,"LUC",0,2
"305","29","29232","Quimper","LREM",2,"LDVD",10,"LUG",37,"",NA,2
"354","31","31555","Toulouse","LDVG",16,"LDVD",53,"",NA,"",NA,2
"511","41","41232","Salbris","LDIV",6,"LDVD",23,"",NA,"",NA,2
"560","45","45234","Orléans","LUD",39,"LREM",7,"LUG",9,"",NA,2
"602","52","52269","Langres","LDIV",1,"LDVC",5,"LUG",21,"LUD",2,2
"836","65","65440","Tarbes","LDVG",5,"LDVD",33,"LDIV",5,"",NA,2
"848","66","66136","Perpignan","LLR",13,"LRN",42,"",NA,"",NA,2
"992","76","76259","Fécamp","LDVD",25,"LUG",8,"",NA,"",NA,2
"1202","87","87085","Limoges","LUG",11,"LLR",44,"",NA,"",NA,2
"1267","92","92025","Colombes","LUD",12,"LVEC",41,"",NA,"",NA,2
"1273","92","92071","Sceaux","LUC",5,"LDVD",26,"LDVG",2,"",NA,2
"1277","93","93001","Aubervilliers","LDVG",8,"LCOM",6,"LUDI",39,"",NA,2
"1278","93","93006","Bagnolet","LSOC",31,"LCOM",8,"",NA,"",NA,2
"1285","93","93045","Les Lilas","LDVC",4,"LUG",28,"LFI",3,"",NA,2
"1290","93","93062","Le Raincy","LDVD",6,"LDVD",25,"LLR",2,"",NA,2
"1293","93","93066","Saint-Denis","LSOC",44,"LCOM",11,"",NA,"",NA,2
"1301","94","94017","Champigny-sur-Marne","LDVD",38,"LDVG",11,"",NA,"",NA,2
"1307","94","94041","Ivry-sur-Seine","LDVD",5,"LREM",3,"LCOM",41,"",NA,2
"1311","94","94052","Nogent-sur-Marne","LDVD",28,"LDVG",3,"LDVD",8,"",NA,2
"1321","94","94079","Villiers-sur-Marne","LLR",26,"LDVG",3,"LDVG",6,"",NA,2
"1323","95","95018","Argenteuil","LDVG",11,"LUD",40,"LDVG",4,"",NA,2
