"codeDep","code","Libellé.de.la.commune","Code.Nuance","Sièges...Elu","Code.Nuance.1","Sièges...Elu.1","Code.Nuance.2","Sièges...Elu.2","Code.Nuance.3","Sièges...Elu.3","Code.Nuance.4","Sièges...Elu.4","Code.Nuance.5","Sièges...Elu.5","Code.Nuance.6","Sièges...Elu.6","Code.Nuance.7","Sièges...Elu.7","Code.Nuance.8","Sièges...Elu.8","Code.Nuance.9","Sièges...Elu.9","Code.Nuance.10","Sièges...Elu.10","Code.Nuance.11","Sièges...Elu.11","Code.Nuance.12","Sièges...Elu.12","Code.Nuance.13","Sièges...Elu.13","Code.Nuance.14","Sièges...Elu.14","Code.Nuance.15","Sièges...Elu.15","tour"
"2A","2A004","Ajaccio","LDIV","0","LREG","0","LREG",4,"LDVG",0,"LDIV",0,"LUG",1,"LDVD",40,"LREG",4,"",NA,"",NA,"",NA,"",NA,"",NA,"",NA,"",NA,"",NA,1
"29","29233","Quimperlé","LSOC","27","LDVG","3","LDVD",2,"LDVD",1,"",NA,"",NA,"",NA,"",NA,"",NA,"",NA,"",NA,"",NA,"",NA,"",NA,"",NA,"",NA,1
"31","31506","Saint-Orens-de-Gameville","LDVG","5","LDVC","2","LDVD",0,"LDVC",26,"",NA,"",NA,"",NA,"",NA,"",NA,"",NA,"",NA,"",NA,"",NA,"",NA,"",NA,"",NA,1
"60","60064","Berneuil-sur-Aisne","LNC","15","","","",NA,"",NA,"",NA,"",NA,"",NA,"",NA,"",NA,"",NA,"",NA,"",NA,"",NA,"",NA,"",NA,"",NA,1
"60","60141","Chantilly","LLR","28","LDVD","4","LDVG",1,"",NA,"",NA,"",NA,"",NA,"",NA,"",NA,"",NA,"",NA,"",NA,"",NA,"",NA,"",NA,"",NA,1
"67","67447","Schiltigheim","LEXG","0","LDIV","1","LECO",32,"LDIV",0,"LREM",2,"LLR",4,"",NA,"",NA,"",NA,"",NA,"",NA,"",NA,"",NA,"",NA,"",NA,"",NA,1
"77","77291","Le Mesnil-Amelot","LNC","15","","","",NA,"",NA,"",NA,"",NA,"",NA,"",NA,"",NA,"",NA,"",NA,"",NA,"",NA,"",NA,"",NA,"",NA,1
"78","78551","Saint-Germain-en-Laye","LDVD","2","LDVD","2","LUG",3,"LDVD",38,"",NA,"",NA,"",NA,"",NA,"",NA,"",NA,"",NA,"",NA,"",NA,"",NA,"",NA,"",NA,1
"83","83137","Toulon","LRN","4","LLR","50","LDVG",3,"LECO",0,"LEXG",0,"LDVD",0,"LREM",2,"",NA,"",NA,"",NA,"",NA,"",NA,"",NA,"",NA,"",NA,"",NA,1
"91","91105","Breuillet","LDVD","29","","","",NA,"",NA,"",NA,"",NA,"",NA,"",NA,"",NA,"",NA,"",NA,"",NA,"",NA,"",NA,"",NA,"",NA,1
"92","92060","Le Plessis-Robinson","LLR","31","LUG","2","LUC",2,"",NA,"",NA,"",NA,"",NA,"",NA,"",NA,"",NA,"",NA,"",NA,"",NA,"",NA,"",NA,"",NA,1
"93","93015","Coubron","LDVG","2","LDVD","25","",NA,"",NA,"",NA,"",NA,"",NA,"",NA,"",NA,"",NA,"",NA,"",NA,"",NA,"",NA,"",NA,"",NA,1
"93","93029","Drancy","LCOM","5","LEXG","0","LDVG",2,"LUDI",42,"",NA,"",NA,"",NA,"",NA,"",NA,"",NA,"",NA,"",NA,"",NA,"",NA,"",NA,"",NA,1
"93","93031","Epinay-sur-Seine","LVEC","1","LREM","3","LDVD",39,"LEXG",0,"LDVG",2,"",NA,"",NA,"",NA,"",NA,"",NA,"",NA,"",NA,"",NA,"",NA,"",NA,"",NA,1
"94","94002","Alfortville","LUG","35","LREM","3","LEXG",0,"LDVG",3,"LDVD",2,"",NA,"",NA,"",NA,"",NA,"",NA,"",NA,"",NA,"",NA,"",NA,"",NA,"",NA,1
"94","94033","Fontenay-sous-Bois","LEXG","0","LREM","2","LUG",36,"LDVD",7,"",NA,"",NA,"",NA,"",NA,"",NA,"",NA,"",NA,"",NA,"",NA,"",NA,"",NA,"",NA,1
"94","94046","Maisons-Alfort","LEXG","0","LEXG","0","LUD",40,"LUG",4,"LUC",1,"",NA,"",NA,"",NA,"",NA,"",NA,"",NA,"",NA,"",NA,"",NA,"",NA,"",NA,1
"94","94059","Le Plessis-Trévise","LUC","29","LDVG","2","LDVD",3,"LRN",1,"",NA,"",NA,"",NA,"",NA,"",NA,"",NA,"",NA,"",NA,"",NA,"",NA,"",NA,"",NA,1
"94","94071","Sucy-en-Brie","LDVD","28","LUC","3","LDVC",1,"LVEC",3,"",NA,"",NA,"",NA,"",NA,"",NA,"",NA,"",NA,"",NA,"",NA,"",NA,"",NA,"",NA,1
"95","95219","Ermont","LDVG","3","LDVG","2","LEXG",0,"LEXG",0,"LDVD",30,"",NA,"",NA,"",NA,"",NA,"",NA,"",NA,"",NA,"",NA,"",NA,"",NA,"",NA,1
