"","code","Sièges...Elu","Sièges...Elu.1","Sièges...Elu.2","Sièges...Elu.3","Sièges...Elu.4","Sièges...Elu.5","Sièges...Elu.6","Sièges...Elu.7","Sièges...Elu.8","Sièges...Elu.9","Sièges...Elu.10","Sièges...Elu.11","Sièges...Elu.12","Sièges...Elu.13","Sièges...Elu.14","Sièges...Elu.15"
"1445","2A004","0","0",4,0,0,1,40,4,NA,NA,NA,NA,NA,NA,NA,NA
"2426","29233","27","3",2,1,NA,NA,NA,NA,NA,NA,NA,NA,NA,NA,NA,NA
"2738","31506","5","2",0,26,NA,NA,NA,NA,NA,NA,NA,NA,NA,NA,NA,NA
"6021","60064","15","",NA,NA,NA,NA,NA,NA,NA,NA,NA,NA,NA,NA,NA,NA
"6043","60141","28","4",1,NA,NA,NA,NA,NA,NA,NA,NA,NA,NA,NA,NA,NA
"6977","67447","0","1",32,0,2,4,NA,NA,NA,NA,NA,NA,NA,NA,NA,NA
"8202","77291","15","",NA,NA,NA,NA,NA,NA,NA,NA,NA,NA,NA,NA,NA,NA
"8421","78551","2","2",3,38,NA,NA,NA,NA,NA,NA,NA,NA,NA,NA,NA,NA
"8862","83137","4","50",3,0,0,0,2,NA,NA,NA,NA,NA,NA,NA,NA,NA
"9491","91105","29","",NA,NA,NA,NA,NA,NA,NA,NA,NA,NA,NA,NA,NA,NA
"9630","92060","31","2",2,NA,NA,NA,NA,NA,NA,NA,NA,NA,NA,NA,NA,NA
"9649","93015","2","25",NA,NA,NA,NA,NA,NA,NA,NA,NA,NA,NA,NA,NA,NA
"9651","93029","5","0",2,42,NA,NA,NA,NA,NA,NA,NA,NA,NA,NA,NA,NA
"9653","93031","1","3",39,0,2,NA,NA,NA,NA,NA,NA,NA,NA,NA,NA,NA
"9682","94002","35","3",0,3,2,NA,NA,NA,NA,NA,NA,NA,NA,NA,NA,NA
"9694","94033","0","2",36,7,NA,NA,NA,NA,NA,NA,NA,NA,NA,NA,NA,NA
"9702","94046","0","0",40,4,1,NA,NA,NA,NA,NA,NA,NA,NA,NA,NA,NA
"9711","94059","29","2",3,1,NA,NA,NA,NA,NA,NA,NA,NA,NA,NA,NA,NA
"9718","94071","28","3",1,3,NA,NA,NA,NA,NA,NA,NA,NA,NA,NA,NA,NA
"9761","95219","3","2",0,0,30,NA,NA,NA,NA,NA,NA,NA,NA,NA,NA,NA
