"","X","cp","ville","cle","montantMoyen","montantCourt","dpt","nb"
"14074",14074,93110,"ROSNY-SOUS-BOIS","AE135",240000,24,"93",3
"14075",14075,93110,"ROSNY-SOUS-BOIS","AE152",195000,19.5,"93",2
"14076",14076,93110,"ROSNY-SOUS-BOIS","AE153",70600,7.06,"93",5
"14077",14077,93110,"ROSNY-SOUS-BOIS","AE154",107350,10.735,"93",2
"14078",14078,93110,"ROSNY-SOUS-BOIS","AE170",120000,12,"93",1
"14079",14079,93110,"ROSNY-SOUS-BOIS","AE81",265000,26.5,"93",1
"14080",14080,93110,"ROSNY-SOUS-BOIS","AE85",135000,13.5,"93",2
"14081",14081,93110,"ROSNY-SOUS-BOIS","AF114",185000,18.5,"93",1
"14082",14082,93110,"ROSNY-SOUS-BOIS","AF128",114000,11.4,"93",3
"14083",14083,93110,"ROSNY-SOUS-BOIS","AF161",150000,15,"93",1
"14084",14084,93110,"ROSNY-SOUS-BOIS","AF331",245000,24.5,"93",1
"14085",14085,93110,"ROSNY-SOUS-BOIS","AF392",209200,20.92,"93",5
"14086",14086,93110,"ROSNY-SOUS-BOIS","AF393",148411.739130435,14.8411739130435,"93",23
"14087",14087,93110,"ROSNY-SOUS-BOIS","AF413",215000,21.5,"93",2
"14088",14088,93110,"ROSNY-SOUS-BOIS","AF79",280000,28,"93",2
"14089",14089,93110,"ROSNY-SOUS-BOIS","AG196",150000,15,"93",1
"14090",14090,93110,"ROSNY-SOUS-BOIS","AG236",220000,22,"93",3
"14091",14091,93110,"ROSNY-SOUS-BOIS","AG270",237000,23.7,"93",2
"14092",14092,93110,"ROSNY-SOUS-BOIS","AG303",101423.076923077,10.1423076923077,"93",13
"14093",14093,93110,"ROSNY-SOUS-BOIS","AG35",139500,13.95,"93",2
"14094",14094,93110,"ROSNY-SOUS-BOIS","AG358",145300,14.53,"93",1
"14095",14095,93110,"ROSNY-SOUS-BOIS","AG369",127000,12.7,"93",6
"14096",14096,93110,"ROSNY-SOUS-BOIS","AG370",280000,28,"93",2
"14097",14097,93110,"ROSNY-SOUS-BOIS","AG371",181666.666666667,18.1666666666667,"93",3
"14098",14098,93110,"ROSNY-SOUS-BOIS","AG79",172000,17.2,"93",2
"14099",14099,93110,"ROSNY-SOUS-BOIS","AG83",227000,22.7,"93",2
"14100",14100,93110,"ROSNY-SOUS-BOIS","AH118",258000,25.8,"93",3
"14101",14101,93110,"ROSNY-SOUS-BOIS","AH13",105000,10.5,"93",3
"14102",14102,93110,"ROSNY-SOUS-BOIS","AH142",222000,22.2,"93",4
"14103",14103,93110,"ROSNY-SOUS-BOIS","AH143",251500,25.15,"93",6
"14104",14104,93110,"ROSNY-SOUS-BOIS","AH148",143666.666666667,14.3666666666667,"93",3
"14105",14105,93110,"ROSNY-SOUS-BOIS","AH153",310000,31,"93",3
"14106",14106,93110,"ROSNY-SOUS-BOIS","AH158",150000,15,"93",2
"14107",14107,93110,"ROSNY-SOUS-BOIS","AH26",185000,18.5,"93",2
"14108",14108,93110,"ROSNY-SOUS-BOIS","AH40",209375,20.9375,"93",8
"14109",14109,93110,"ROSNY-SOUS-BOIS","AH45",322000,32.2,"93",2
"14110",14110,93110,"ROSNY-SOUS-BOIS","AH93",260410,26.041,"93",3
"14111",14111,93110,"ROSNY-SOUS-BOIS","AI231",206375,20.6375,"93",4
"14112",14112,93110,"ROSNY-SOUS-BOIS","AI311",2e+05,20,"93",3
"14113",14113,93110,"ROSNY-SOUS-BOIS","AJ278",30000,3,"93",1
"14114",14114,93110,"ROSNY-SOUS-BOIS","AK181",431094.08,43.109408,"93",2
"14115",14115,93110,"ROSNY-SOUS-BOIS","AK287",250000,25,"93",2
"14116",14116,93110,"ROSNY-SOUS-BOIS","AL2",199625,19.9625,"93",8
"14117",14117,93110,"ROSNY-SOUS-BOIS","AL26",3e+05,30,"93",4
"14118",14118,93110,"ROSNY-SOUS-BOIS","AL27",3e+05,30,"93",4
"14119",14119,93110,"ROSNY-SOUS-BOIS","AL363",3e+05,30,"93",1
"14120",14120,93110,"ROSNY-SOUS-BOIS","AL364",3e+05,30,"93",1
"14121",14121,93110,"ROSNY-SOUS-BOIS","AL365",3e+05,30,"93",1
"14122",14122,93110,"ROSNY-SOUS-BOIS","AL366",3e+05,30,"93",1
"14123",14123,93110,"ROSNY-SOUS-BOIS","AM328",462000,46.2,"93",2
"14124",14124,93110,"ROSNY-SOUS-BOIS","AN189",320000,32,"93",1
"14125",14125,93110,"ROSNY-SOUS-BOIS","AN323",175000,17.5,"93",1
"14126",14126,93110,"ROSNY-SOUS-BOIS","AN324",175000,17.5,"93",1
"14127",14127,93110,"ROSNY-SOUS-BOIS","AN46",320000,32,"93",1
"14128",14128,93110,"ROSNY-SOUS-BOIS","AO210",463000,46.3,"93",1
"14129",14129,93110,"ROSNY-SOUS-BOIS","AQ440",12000,1.2,"93",1
"14130",14130,93110,"ROSNY-SOUS-BOIS","AQ443",255005.383529412,25.5005383529412,"93",17
"14131",14131,93110,"ROSNY-SOUS-BOIS","AR186",320000,32,"93",1
"14132",14132,93110,"ROSNY-SOUS-BOIS","AR234",173000,17.3,"93",3
"14133",14133,93110,"ROSNY-SOUS-BOIS","AR93",320000,32,"93",1
"14134",14134,93110,"ROSNY-SOUS-BOIS","AS43",134000,13.4,"93",2
"14135",14135,93110,"ROSNY-SOUS-BOIS","AS51",143950,14.395,"93",4
"14136",14136,93110,"ROSNY-SOUS-BOIS","AS52",25250,2.525,"93",4
"14137",14137,93110,"ROSNY-SOUS-BOIS","AS55",195000,19.5,"93",2
"14138",14138,93110,"ROSNY-SOUS-BOIS","AT145",470000,47,"93",1
"14139",14139,93110,"ROSNY-SOUS-BOIS","AT171",85000,8.5,"93",2
"14140",14140,93110,"ROSNY-SOUS-BOIS","AT82",295000,29.5,"93",2
"14141",14141,93110,"ROSNY-SOUS-BOIS","AT97",167000,16.7,"93",2
"14142",14142,93110,"ROSNY-SOUS-BOIS","AU202",342000,34.2,"93",1
"14143",14143,93110,"ROSNY-SOUS-BOIS","AU283",188500,18.85,"93",3
"14144",14144,93110,"ROSNY-SOUS-BOIS","AU58",295000,29.5,"93",2
"14145",14145,93110,"ROSNY-SOUS-BOIS","AV278",342000,34.2,"93",1
"14146",14146,93110,"ROSNY-SOUS-BOIS","AV336",272000,27.2,"93",1
"14147",14147,93110,"ROSNY-SOUS-BOIS","AV361",272000,27.2,"93",1
"14148",14148,93110,"ROSNY-SOUS-BOIS","AV379",220000,22,"93",2
"14149",14149,93110,"ROSNY-SOUS-BOIS","AV542",211200,21.12,"93",20
"14150",14150,93110,"ROSNY-SOUS-BOIS","AX137",260500,26.05,"93",4
"14151",14151,93110,"ROSNY-SOUS-BOIS","AX151",189000,18.9,"93",3
"14152",14152,93110,"ROSNY-SOUS-BOIS","AX195",166303.913043478,16.6303913043478,"93",23
"14153",14153,93110,"ROSNY-SOUS-BOIS","AX213",235400,23.54,"93",5
"14154",14154,93110,"ROSNY-SOUS-BOIS","AX63",140000,14,"93",4
"14155",14155,93110,"ROSNY-SOUS-BOIS","AY68",115000,11.5,"93",3
"14156",14156,93110,"ROSNY-SOUS-BOIS","AZ131",250000,25,"93",2
"14157",14157,93110,"ROSNY-SOUS-BOIS","AZ151",108780,10.878,"93",3
"14158",14158,93110,"ROSNY-SOUS-BOIS","AZ152",115000,11.5,"93",3
"14159",14159,93110,"ROSNY-SOUS-BOIS","AZ40",342000,34.2,"93",3
"14160",14160,93110,"ROSNY-SOUS-BOIS","BC15",132500,13.25,"93",2
"14161",14161,93110,"ROSNY-SOUS-BOIS","BC30",643450,64.345,"93",2
"14162",14162,93110,"ROSNY-SOUS-BOIS","BC336",104500,10.45,"93",2
"14163",14163,93110,"ROSNY-SOUS-BOIS","BD118",333000,33.3,"93",2
"14164",14164,93110,"ROSNY-SOUS-BOIS","BD182",3924,0.3924,"93",2
"14165",14165,93110,"ROSNY-SOUS-BOIS","BD183",40000,4,"93",1
"14166",14166,93110,"ROSNY-SOUS-BOIS","BD217",234450,23.445,"93",2
"14167",14167,93110,"ROSNY-SOUS-BOIS","BD218",3924,0.3924,"93",2
"14168",14168,93110,"ROSNY-SOUS-BOIS","BD219",3924,0.3924,"93",2
"14169",14169,93110,"ROSNY-SOUS-BOIS","BG174",230000,23,"93",3
"14170",14170,93110,"ROSNY-SOUS-BOIS","BG50",295000,29.5,"93",1
"14171",14171,93110,"ROSNY-SOUS-BOIS","BG62",230000,23,"93",2
"14172",14172,93110,"ROSNY-SOUS-BOIS","BG89",315000,31.5,"93",1
"14173",14173,93110,"ROSNY-SOUS-BOIS","BH3",348000,34.8,"93",1
"14174",14174,93110,"ROSNY-SOUS-BOIS","BH32",307000,30.7,"93",1
"14175",14175,93110,"ROSNY-SOUS-BOIS","BI170",114000,11.4,"93",4
"14176",14176,93110,"ROSNY-SOUS-BOIS","BI176",156000,15.6,"93",2
"14177",14177,93110,"ROSNY-SOUS-BOIS","BI182",250000,25,"93",2
"14178",14178,93110,"ROSNY-SOUS-BOIS","BI67",92000,9.2,"93",1
"14179",14179,93110,"ROSNY-SOUS-BOIS","BK34",148000,14.8,"93",16
"14180",14180,93110,"ROSNY-SOUS-BOIS","BK43",130000,13,"93",3
"14181",14181,93110,"ROSNY-SOUS-BOIS","BK47",266500,26.65,"93",6
"14182",14182,93110,"ROSNY-SOUS-BOIS","BL203",234166.666666667,23.4166666666667,"93",3
"14183",14183,93110,"ROSNY-SOUS-BOIS","BL223",195000,19.5,"93",2
"14184",14184,93110,"ROSNY-SOUS-BOIS","D186",140000,14,"93",3
"14185",14185,93110,"ROSNY-SOUS-BOIS","D64",171111.111111111,17.1111111111111,"93",9
"14186",14186,93110,"ROSNY-SOUS-BOIS","E169",118500,11.85,"93",8
"14187",14187,93110,"ROSNY-SOUS-BOIS","E98",176333.333333333,17.6333333333333,"93",9
"14188",14188,93110,"ROSNY-SOUS-BOIS","G123",217500,21.75,"93",4
"14189",14189,93110,"ROSNY-SOUS-BOIS","G228",385000,38.5,"93",1
"14190",14190,93110,"ROSNY-SOUS-BOIS","G259",385000,38.5,"93",1
"14191",14191,93110,"ROSNY-SOUS-BOIS","G261",385000,38.5,"93",1
"14192",14192,93110,"ROSNY-SOUS-BOIS","G264",385000,38.5,"93",1
"14193",14193,93110,"ROSNY-SOUS-BOIS","G279",172000,17.2,"93",3
"14194",14194,93110,"ROSNY-SOUS-BOIS","G293",661487.5,66.14875,"93",1
"14195",14195,93110,"ROSNY-SOUS-BOIS","G302",2280,0.228,"93",1
"14196",14196,93110,"ROSNY-SOUS-BOIS","G303",106000,10.6,"93",2
"14197",14197,93110,"ROSNY-SOUS-BOIS","G64",6422241.17272727,642.224117272727,"93",55
"14198",14198,93110,"ROSNY-SOUS-BOIS","H75",58585,5.8585,"93",1
"14199",14199,93110,"ROSNY-SOUS-BOIS","I137",4700000,470,"93",1
"14200",14200,93110,"ROSNY-SOUS-BOIS","I21",4700000,470,"93",1
"14201",14201,93110,"ROSNY-SOUS-BOIS","I22",4700000,470,"93",1
"14202",14202,93110,"ROSNY-SOUS-BOIS","I23",4700000,470,"93",2
"14203",14203,93110,"ROSNY-SOUS-BOIS","I25",4700000,470,"93",1
"14204",14204,93110,"ROSNY-SOUS-BOIS","I61",3e+05,30,"93",1
"14205",14205,93110,"ROSNY-SOUS-BOIS","K105",3024,0.3024,"93",1
"14206",14206,93110,"ROSNY-SOUS-BOIS","K107",3024,0.3024,"93",1
"14207",14207,93110,"ROSNY-SOUS-BOIS","K120",683120,68.312,"93",2
"14208",14208,93110,"ROSNY-SOUS-BOIS","K121",724397.5,72.43975,"93",1
"14209",14209,93110,"ROSNY-SOUS-BOIS","K122",683120,68.312,"93",2
"14210",14210,93110,"ROSNY-SOUS-BOIS","K123",724397.5,72.43975,"93",1
"14211",14211,93110,"ROSNY-SOUS-BOIS","K88",185000,18.5,"93",2
"14212",14212,93110,"ROSNY-SOUS-BOIS","O360",99750,9.975,"93",4
"14213",14213,93110,"ROSNY-SOUS-BOIS","O361",214326.25,21.432625,"93",8
"14214",14214,93110,"ROSNY-SOUS-BOIS","O367",90000,9,"93",1
"14215",14215,93110,"ROSNY-SOUS-BOIS","P129",150000,15,"93",4
"14216",14216,93110,"ROSNY-SOUS-BOIS","P207",247050,24.705,"93",2
"14217",14217,93110,"ROSNY-SOUS-BOIS","P412",179000,17.9,"93",2
"14218",14218,93110,"ROSNY-SOUS-BOIS","Q118",175000,17.5,"93",4
"14219",14219,93110,"ROSNY-SOUS-BOIS","Q380",171000,17.1,"93",3
"14220",14220,93110,"ROSNY-SOUS-BOIS","Q390",15000,1.5,"93",1
"14221",14221,93110,"ROSNY-SOUS-BOIS","R134",177041,17.7041,"93",10
"14222",14222,93110,"ROSNY-SOUS-BOIS","R187",190000,19,"93",2
"14223",14223,93110,"ROSNY-SOUS-BOIS","S270",185349.357142857,18.5349357142857,"93",14
"14224",14224,93110,"ROSNY-SOUS-BOIS","S275",244855.384615385,24.4855384615385,"93",13
"14225",14225,93110,"ROSNY-SOUS-BOIS","T260",212669,21.2669,"93",4
"14226",14226,93110,"ROSNY-SOUS-BOIS","T290",208236.25,20.823625,"93",12
"14227",14227,93110,"ROSNY-SOUS-BOIS","T292",212669,21.2669,"93",2
"14228",14228,93110,"ROSNY-SOUS-BOIS","T311",15000,1.5,"93",1
"14229",14229,93110,"ROSNY-SOUS-BOIS","T337",165000,16.5,"93",4
"14230",14230,93110,"ROSNY-SOUS-BOIS","T350",220000,22,"93",5
"14231",14231,93110,"ROSNY-SOUS-BOIS","T360",189000,18.9,"93",3
"14232",14232,93110,"ROSNY-SOUS-BOIS","T375",225000,22.5,"93",1
"14233",14233,93110,"ROSNY-SOUS-BOIS","X50",233000,23.3,"93",5
"14234",14234,93110,"ROSNY-SOUS-BOIS","Y227",231100,23.11,"93",2
"14235",14235,93110,"ROSNY-SOUS-BOIS","Y242",192000,19.2,"93",2
"14236",14236,93110,"ROSNY-SOUS-BOIS","Z260",160000,16,"93",2
"14237",14237,93140,"BONDY","A109",210000,21,"93",1
"14238",14238,93140,"BONDY","A212",139333.333333333,13.9333333333333,"93",3
"14239",14239,93140,"BONDY","A224",140950,14.095,"93",10
"14240",14240,93140,"BONDY","A287",145000,14.5,"93",1
"14241",14241,93140,"BONDY","A38",232000,23.2,"93",2
"14242",14242,93140,"BONDY","AC46",130000,13,"93",2
"14243",14243,93140,"BONDY","AC9",258000,25.8,"93",2
"14244",14244,93140,"BONDY","AD19",135000,13.5,"93",2
"14245",14245,93140,"BONDY","AD55",177000,17.7,"93",3
"14246",14246,93140,"BONDY","AD61",144400,14.44,"93",5
"14247",14247,93140,"BONDY","AD68",15000,1.5,"93",1
"14248",14248,93140,"BONDY","AE161",162500,16.25,"93",4
"14249",14249,93140,"BONDY","AE194",125000,12.5,"93",2
"14250",14250,93140,"BONDY","AE195",174000,17.4,"93",4
"14251",14251,93140,"BONDY","AE25",380000,38,"93",1
"14252",14252,93140,"BONDY","AE26",338000,33.8,"93",2
"14253",14253,93140,"BONDY","AE48",629000,62.9,"93",4
"14254",14254,93140,"BONDY","AE50",440000,44,"93",2
"14255",14255,93140,"BONDY","AE56",118000,11.8,"93",1
"14256",14256,93140,"BONDY","AE57",140000,14,"93",3
"14257",14257,93140,"BONDY","AE66",147000,14.7,"93",2
"14258",14258,93140,"BONDY","AG144",130000,13,"93",1
"14259",14259,93140,"BONDY","AG146",260000,26,"93",3
"14260",14260,93140,"BONDY","AG67",223500,22.35,"93",1
"14261",14261,93140,"BONDY","AH184",151500,15.15,"93",8
"14262",14262,93140,"BONDY","AH271",100,0.01,"93",1
"14263",14263,93140,"BONDY","AH43",189885.714285714,18.9885714285714,"93",7
"14264",14264,93140,"BONDY","AI14",910000,91,"93",1
"14265",14265,93140,"BONDY","AI163",910000,91,"93",6
"14266",14266,93140,"BONDY","AI168",172500,17.25,"93",3
"14267",14267,93140,"BONDY","AI169",190000,19,"93",1
"14268",14268,93140,"BONDY","AI179",159250,15.925,"93",3
"14269",14269,93140,"BONDY","AI198",155000,15.5,"93",1
"14270",14270,93140,"BONDY","AI59",14000,1.4,"93",1
"14271",14271,93140,"BONDY","AJ123",120000,12,"93",2
"14272",14272,93140,"BONDY","AJ187",189816.666666667,18.9816666666667,"93",9
"14273",14273,93140,"BONDY","AJ197",85000,8.5,"93",2
"14274",14274,93140,"BONDY","AJ209",139000,13.9,"93",5
"14275",14275,93140,"BONDY","AJ47",60000,6,"93",1
"14276",14276,93140,"BONDY","AJ94",342000,34.2,"93",1
"14277",14277,93140,"BONDY","AK10",165000,16.5,"93",4
"14278",14278,93140,"BONDY","AK101",54000,5.4,"93",2
"14279",14279,93140,"BONDY","AK148",180000,18,"93",1
"14280",14280,93140,"BONDY","AK174",345000,34.5,"93",1
"14281",14281,93140,"BONDY","AK21",121000,12.1,"93",3
"14282",14282,93140,"BONDY","AK43",163000,16.3,"93",2
"14283",14283,93140,"BONDY","AK76",317000,31.7,"93",1
"14284",14284,93140,"BONDY","AL112",434250,43.425,"93",4
"14285",14285,93140,"BONDY","AL175",175000,17.5,"93",1
"14286",14286,93140,"BONDY","AL2",277000,27.7,"93",2
"14287",14287,93140,"BONDY","AL241",175000,17.5,"93",1
"14288",14288,93140,"BONDY","AL72",120000,12,"93",4
"14289",14289,93140,"BONDY","AM20",270318.960833333,27.0318960833333,"93",24
"14290",14290,93140,"BONDY","AM89",281000,28.1,"93",2
"14291",14291,93140,"BONDY","AN112",190000,19,"93",1
"14292",14292,93140,"BONDY","AO155",2e+05,20,"93",1
"14293",14293,93140,"BONDY","AO271",343000,34.3,"93",1
"14294",14294,93140,"BONDY","AO273",125000,12.5,"93",1
"14295",14295,93140,"BONDY","AO32",234500,23.45,"93",2
"14296",14296,93140,"BONDY","AO49",320000,32,"93",1
"14297",14297,93140,"BONDY","AP213",290000,29,"93",1
"14298",14298,93140,"BONDY","AP226",1,1e-04,"93",1
"14299",14299,93140,"BONDY","AQ106",280000,28,"93",2
"14300",14300,93140,"BONDY","AQ142",310000,31,"93",5
"14301",14301,93140,"BONDY","AQ191",184000,18.4,"93",1
"14302",14302,93140,"BONDY","AQ254",165000,16.5,"93",2
"14303",14303,93140,"BONDY","AQ62",283000,28.3,"93",2
"14304",14304,93140,"BONDY","AR166",190000,19,"93",2
"14305",14305,93140,"BONDY","AR52",283000,28.3,"93",2
"14306",14306,93140,"BONDY","AR68",235000,23.5,"93",3
"14307",14307,93140,"BONDY","AS167",65000,6.5,"93",2
"14308",14308,93140,"BONDY","AS198",216000,21.6,"93",1
"14309",14309,93140,"BONDY","AS3",285000,28.5,"93",2
"14310",14310,93140,"BONDY","AS69",259000,25.9,"93",1
"14311",14311,93140,"BONDY","AT111",155000,15.5,"93",1
"14312",14312,93140,"BONDY","AT114",250000,25,"93",3
"14313",14313,93140,"BONDY","AT118",250000,25,"93",1
"14314",14314,93140,"BONDY","AT195",140000,14,"93",4
"14315",14315,93140,"BONDY","AT215",102800,10.28,"93",5
"14316",14316,93140,"BONDY","AT47",98000,9.8,"93",3
"14317",14317,93140,"BONDY","AT66",265000,26.5,"93",3
"14318",14318,93140,"BONDY","AT91",147000,14.7,"93",2
"14319",14319,93140,"BONDY","AT92",158000,15.8,"93",2
"14320",14320,93140,"BONDY","AU163",165500,16.55,"93",2
"14321",14321,93140,"BONDY","AU62",44333.3333333333,4.43333333333333,"93",3
"14322",14322,93140,"BONDY","AV140",250753,25.0753,"93",6
"14323",14323,93140,"BONDY","AV209",212000,21.2,"93",3
"14324",14324,93140,"BONDY","AX106",267000,26.7,"93",1
"14325",14325,93140,"BONDY","AX179",96000,9.6,"93",6
"14326",14326,93140,"BONDY","AZ269",135000,13.5,"93",2
"14327",14327,93140,"BONDY","AZ48",4e+05,40,"93",2
"14328",14328,93140,"BONDY","AZ59",4e+05,40,"93",1
"14329",14329,93140,"BONDY","B248",92818.1818181818,9.28181818181818,"93",11
"14330",14330,93140,"BONDY","B25",157500,15.75,"93",4
"14331",14331,93140,"BONDY","B357",258035,25.8035,"93",2
"14332",14332,93140,"BONDY","BC16",175000,17.5,"93",3
"14333",14333,93140,"BONDY","BD128",620000,62,"93",2
"14334",14334,93140,"BONDY","BD49",380000,38,"93",1
"14335",14335,93140,"BONDY","BE111",350000,35,"93",1
"14336",14336,93140,"BONDY","BF31",280000,28,"93",1
"14337",14337,93140,"BONDY","BF91",180000,18,"93",1
"14338",14338,93140,"BONDY","BG101",118000,11.8,"93",9
"14339",14339,93140,"BONDY","BG42",2e+05,20,"93",1
"14340",14340,93140,"BONDY","BG46",225000,22.5,"93",2
"14341",14341,93140,"BONDY","BH140",159000,15.9,"93",3
"14342",14342,93140,"BONDY","D20",250000,25,"93",2
"14343",14343,93140,"BONDY","D246",100164,10.0164,"93",1
"14344",14344,93140,"BONDY","D36",170000,17,"93",1
"14345",14345,93140,"BONDY","E121",270000,27,"93",1
"14346",14346,93140,"BONDY","E57",130000,13,"93",2
"14347",14347,93140,"BONDY","F12",148000,14.8,"93",2
"14348",14348,93140,"BONDY","F32",112000,11.2,"93",2
"14349",14349,93140,"BONDY","G172",3e+05,30,"93",2
"14350",14350,93140,"BONDY","G173",1870440,187.044,"93",1
"14351",14351,93140,"BONDY","G9",209000,20.9,"93",2
"14352",14352,93140,"BONDY","H171",10200,1.02,"93",1
"14353",14353,93140,"BONDY","H383",127564,12.7564,"93",4
"14354",14354,93140,"BONDY","H385",282521,28.2521,"93",2
"14355",14355,93140,"BONDY","H402",330219,33.0219,"93",10
"14356",14356,93140,"BONDY","H411",227000,22.7,"93",3
"14357",14357,93140,"BONDY","H424",253295,25.3295,"93",2
"14358",14358,93140,"BONDY","H85",193000,19.3,"93",1
"14359",14359,93140,"BONDY","J236",20000,2,"93",1
"14360",14360,93140,"BONDY","J259",128000,12.8,"93",2
"14361",14361,93140,"BONDY","J264",156500,15.65,"93",4
"14362",14362,93140,"BONDY","J314",131000,13.1,"93",3
"14363",14363,93140,"BONDY","J316",101500,10.15,"93",3
"14364",14364,93140,"BONDY","J5",689000,68.9,"93",52
"14365",14365,93140,"BONDY","K107",11700000,1170,"93",8
"14366",14366,93140,"BONDY","L134",160000,16,"93",6
"14367",14367,93140,"BONDY","M114",245000,24.5,"93",1
"14368",14368,93140,"BONDY","M34",287000,28.7,"93",1
"14369",14369,93140,"BONDY","M74",240000,24,"93",1
"14370",14370,93140,"BONDY","N25",129658,12.9658,"93",3
"14371",14371,93140,"BONDY","N9",8e+05,80,"93",2
"14372",14372,93140,"BONDY","O58",4100,0.41,"93",1
"14373",14373,93140,"BONDY","P132",165000,16.5,"93",2
"14374",14374,93140,"BONDY","P192",208883.714285714,20.8883714285714,"93",21
"14375",14375,93140,"BONDY","Q48",211262.5,21.12625,"93",12
"14376",14376,93140,"BONDY","Q5",180000,18,"93",2
"14377",14377,93140,"BONDY","R31",310000,31,"93",2
"14378",14378,93140,"BONDY","S15",270000,27,"93",2
"14379",14379,93140,"BONDY","S163",310000,31,"93",1
"14380",14380,93140,"BONDY","S76",280000,28,"93",1
"14381",14381,93140,"BONDY","T119",179000,17.9,"93",3
"14382",14382,93140,"BONDY","T136",161200,16.12,"93",2
"14383",14383,93140,"BONDY","V18",13500,1.35,"93",1
"14384",14384,93140,"BONDY","V95",195000,19.5,"93",1
"14385",14385,93140,"BONDY","X57",248000,24.8,"93",1
"14386",14386,93140,"BONDY","Y8",359000,35.9,"93",2
"14387",14387,93160,"NOISY-LE-GRAND","AB101",485783.13253012,48.578313253012,"93",83
"14388",14388,93160,"NOISY-LE-GRAND","AB1020",309592,30.9592,"93",2
"14389",14389,93160,"NOISY-LE-GRAND","AB157",15000,1.5,"93",1
"14390",14390,93160,"NOISY-LE-GRAND","AB171",195000,19.5,"93",2
"14391",14391,93160,"NOISY-LE-GRAND","AB240",471000,47.1,"93",1
"14392",14392,93160,"NOISY-LE-GRAND","AB262",242250,24.225,"93",2
"14393",14393,93160,"NOISY-LE-GRAND","AB280",388000,38.8,"93",1
"14394",14394,93160,"NOISY-LE-GRAND","AB290",1080000,108,"93",1
"14395",14395,93160,"NOISY-LE-GRAND","AB335",350000,35,"93",4
"14396",14396,93160,"NOISY-LE-GRAND","AB339",5e+05,50,"93",2
"14397",14397,93160,"NOISY-LE-GRAND","AB347",90000,9,"93",2
"14398",14398,93160,"NOISY-LE-GRAND","AB357",263300,26.33,"93",10
"14399",14399,93160,"NOISY-LE-GRAND","AB411",518000,51.8,"93",1
"14400",14400,93160,"NOISY-LE-GRAND","AB482",550000,55,"93",2
"14401",14401,93160,"NOISY-LE-GRAND","AB695",5040000,504,"93",1
"14402",14402,93160,"NOISY-LE-GRAND","AB959",172500,17.25,"93",2
"14403",14403,93160,"NOISY-LE-GRAND","AB96",5040000,504,"93",220
"14404",14404,93160,"NOISY-LE-GRAND","AB967",295982.222222222,29.5982222222222,"93",9
"14405",14405,93160,"NOISY-LE-GRAND","AC1043",438000,43.8,"93",2
"14406",14406,93160,"NOISY-LE-GRAND","AC1054",1394516.4,139.45164,"93",1
"14407",14407,93160,"NOISY-LE-GRAND","AC1061",350000,35,"93",3
"14408",14408,93160,"NOISY-LE-GRAND","AC145",630000,63,"93",1
"14409",14409,93160,"NOISY-LE-GRAND","AC163",360000,36,"93",2
"14410",14410,93160,"NOISY-LE-GRAND","AC299",131600,13.16,"93",5
"14411",14411,93160,"NOISY-LE-GRAND","AC407",138000,13.8,"93",2
"14412",14412,93160,"NOISY-LE-GRAND","AC409",62400,6.24,"93",2
"14413",14413,93160,"NOISY-LE-GRAND","AC412",155000,15.5,"93",3
"14414",14414,93160,"NOISY-LE-GRAND","AC442",2e+05,20,"93",1
"14415",14415,93160,"NOISY-LE-GRAND","AC548",158500,15.85,"93",6
"14416",14416,93160,"NOISY-LE-GRAND","AC821",420000,42,"93",1
"14417",14417,93160,"NOISY-LE-GRAND","AC824",420000,42,"93",1
"14418",14418,93160,"NOISY-LE-GRAND","AC826",164500,16.45,"93",2
"14419",14419,93160,"NOISY-LE-GRAND","AC930",156000,15.6,"93",2
"14420",14420,93160,"NOISY-LE-GRAND","AD171",145000,14.5,"93",2
"14421",14421,93160,"NOISY-LE-GRAND","AD231",332050,33.205,"93",2
"14422",14422,93160,"NOISY-LE-GRAND","AD239",230000,23,"93",1
"14423",14423,93160,"NOISY-LE-GRAND","AD298",136000,13.6,"93",2
"14424",14424,93160,"NOISY-LE-GRAND","AD326",190000,19,"93",1
"14425",14425,93160,"NOISY-LE-GRAND","AD33",396000,39.6,"93",1
"14426",14426,93160,"NOISY-LE-GRAND","AD763",80000,8,"93",1
"14427",14427,93160,"NOISY-LE-GRAND","AD784",165700,16.57,"93",2
"14428",14428,93160,"NOISY-LE-GRAND","AE351",183000,18.3,"93",2
"14429",14429,93160,"NOISY-LE-GRAND","AE396",382100,38.21,"93",2
"14430",14430,93160,"NOISY-LE-GRAND","AE74",225900,22.59,"93",2
"14431",14431,93160,"NOISY-LE-GRAND","AE82",216056.25,21.605625,"93",8
"14432",14432,93160,"NOISY-LE-GRAND","AH1058",217000,21.7,"93",2
"14433",14433,93160,"NOISY-LE-GRAND","AH1065",318000,31.8,"93",2
"14434",14434,93160,"NOISY-LE-GRAND","AH1168",340000,34,"93",1
"14435",14435,93160,"NOISY-LE-GRAND","AH1171",340000,34,"93",5
"14436",14436,93160,"NOISY-LE-GRAND","AH141",387000,38.7,"93",2
"14437",14437,93160,"NOISY-LE-GRAND","AH200",361550,36.155,"93",1
"14438",14438,93160,"NOISY-LE-GRAND","AH204",165000,16.5,"93",1
"14439",14439,93160,"NOISY-LE-GRAND","AH486",287676.19047619,28.767619047619,"93",21
"14440",14440,93160,"NOISY-LE-GRAND","AH703",1230000,123,"93",2
"14441",14441,93160,"NOISY-LE-GRAND","AH80",325000,32.5,"93",2
"14442",14442,93160,"NOISY-LE-GRAND","AH858",517000,51.7,"93",2
"14443",14443,93160,"NOISY-LE-GRAND","AH860",517000,51.7,"93",1
"14444",14444,93160,"NOISY-LE-GRAND","AH886",1230000,123,"93",1
"14445",14445,93160,"NOISY-LE-GRAND","AH924",260000,26,"93",2
"14446",14446,93160,"NOISY-LE-GRAND","AH944",528000,52.8,"93",1
"14447",14447,93160,"NOISY-LE-GRAND","AI129",277000,27.7,"93",2
"14448",14448,93160,"NOISY-LE-GRAND","AI140",370000,37,"93",3
"14449",14449,93160,"NOISY-LE-GRAND","AI173",125000,12.5,"93",1
"14450",14450,93160,"NOISY-LE-GRAND","AI369",430000,43,"93",2
"14451",14451,93160,"NOISY-LE-GRAND","AI389",223000,22.3,"93",3
"14452",14452,93160,"NOISY-LE-GRAND","AI427",180000,18,"93",3
"14453",14453,93160,"NOISY-LE-GRAND","AI437",190000,19,"93",2
"14454",14454,93160,"NOISY-LE-GRAND","AI523",165735.714285714,16.5735714285714,"93",14
"14455",14455,93160,"NOISY-LE-GRAND","AI559",4e+05,40,"93",3
"14456",14456,93160,"NOISY-LE-GRAND","AI649",575000,57.5,"93",1
"14457",14457,93160,"NOISY-LE-GRAND","AI676",539000,53.9,"93",1
"14458",14458,93160,"NOISY-LE-GRAND","AI693",146000,14.6,"93",2
"14459",14459,93160,"NOISY-LE-GRAND","AI715",305000,30.5,"93",1
"14460",14460,93160,"NOISY-LE-GRAND","AI716",250000,25,"93",2
"14461",14461,93160,"NOISY-LE-GRAND","AI755",305000,30.5,"93",1
"14462",14462,93160,"NOISY-LE-GRAND","AI756",305000,30.5,"93",1
"14463",14463,93160,"NOISY-LE-GRAND","AI770",430000,43,"93",1
"14464",14464,93160,"NOISY-LE-GRAND","AI92",417500,41.75,"93",1
"14465",14465,93160,"NOISY-LE-GRAND","AK417",172000,17.2,"93",2
"14466",14466,93160,"NOISY-LE-GRAND","AK465",307855,30.7855,"93",4
"14467",14467,93160,"NOISY-LE-GRAND","AK476",201120,20.112,"93",5
"14468",14468,93160,"NOISY-LE-GRAND","AK533",420000,42,"93",1
"14469",14469,93160,"NOISY-LE-GRAND","AK538",12071090,1207.109,"93",1
"14470",14470,93160,"NOISY-LE-GRAND","AK539",12071090,1207.109,"93",1
"14471",14471,93160,"NOISY-LE-GRAND","AK540",12071090,1207.109,"93",1
"14472",14472,93160,"NOISY-LE-GRAND","AK541",12071090,1207.109,"93",1
"14473",14473,93160,"NOISY-LE-GRAND","AK542",12071090,1207.109,"93",1
"14474",14474,93160,"NOISY-LE-GRAND","AK543",12071090,1207.109,"93",1
"14475",14475,93160,"NOISY-LE-GRAND","AK544",12071090,1207.109,"93",1
"14476",14476,93160,"NOISY-LE-GRAND","AK545",12071090,1207.109,"93",1
"14477",14477,93160,"NOISY-LE-GRAND","AK546",12071090,1207.109,"93",1
"14478",14478,93160,"NOISY-LE-GRAND","AK547",12071090,1207.109,"93",1
"14479",14479,93160,"NOISY-LE-GRAND","AK548",12071090,1207.109,"93",1
"14480",14480,93160,"NOISY-LE-GRAND","AK549",12071090,1207.109,"93",1
"14481",14481,93160,"NOISY-LE-GRAND","AK550",12071090,1207.109,"93",1
"14482",14482,93160,"NOISY-LE-GRAND","AL103",510000,51,"93",3
"14483",14483,93160,"NOISY-LE-GRAND","AL302",235000,23.5,"93",2
"14484",14484,93160,"NOISY-LE-GRAND","AL773",158893.333333333,15.8893333333333,"93",9
"14485",14485,93160,"NOISY-LE-GRAND","AL808",224000,22.4,"93",1
"14486",14486,93160,"NOISY-LE-GRAND","AL81",270000,27,"93",1
"14487",14487,93160,"NOISY-LE-GRAND","AM215",340000,34,"93",1
"14488",14488,93160,"NOISY-LE-GRAND","AM239",157500,15.75,"93",2
"14489",14489,93160,"NOISY-LE-GRAND","AM294",155000,15.5,"93",2
"14490",14490,93160,"NOISY-LE-GRAND","AM302",122500,12.25,"93",2
"14491",14491,93160,"NOISY-LE-GRAND","AM340",190350,19.035,"93",2
"14492",14492,93160,"NOISY-LE-GRAND","AM350",285000,28.5,"93",2
"14493",14493,93160,"NOISY-LE-GRAND","AM406",280000,28,"93",3
"14494",14494,93160,"NOISY-LE-GRAND","AM467",345000,34.5,"93",1
"14495",14495,93160,"NOISY-LE-GRAND","AM500",330200,33.02,"93",1
"14496",14496,93160,"NOISY-LE-GRAND","AM578",203344,20.3344,"93",1
"14497",14497,93160,"NOISY-LE-GRAND","AM661",203344,20.3344,"93",1
"14498",14498,93160,"NOISY-LE-GRAND","AM663",203344,20.3344,"93",1
"14499",14499,93160,"NOISY-LE-GRAND","AN121",438200,43.82,"93",2
"14500",14500,93160,"NOISY-LE-GRAND","AN178",517000,51.7,"93",2
"14501",14501,93160,"NOISY-LE-GRAND","AN19",325000,32.5,"93",4
"14502",14502,93160,"NOISY-LE-GRAND","AN336",397000,39.7,"93",2
"14503",14503,93160,"NOISY-LE-GRAND","AN351",340000,34,"93",2
"14504",14504,93160,"NOISY-LE-GRAND","AN416",250000,25,"93",3
"14505",14505,93160,"NOISY-LE-GRAND","AN459",586000,58.6,"93",1
"14506",14506,93160,"NOISY-LE-GRAND","AN526",586000,58.6,"93",2
"14507",14507,93160,"NOISY-LE-GRAND","AN96",317285,31.7285,"93",2
"14508",14508,93160,"NOISY-LE-GRAND","AO123",303000,30.3,"93",1
"14509",14509,93160,"NOISY-LE-GRAND","AO224",462500,46.25,"93",2
"14510",14510,93160,"NOISY-LE-GRAND","AO258",320000,32,"93",1
"14511",14511,93160,"NOISY-LE-GRAND","AO271",145000,14.5,"93",1
"14512",14512,93160,"NOISY-LE-GRAND","AO424",85000,8.5,"93",2
"14513",14513,93160,"NOISY-LE-GRAND","AO519",552200,55.22,"93",1
"14514",14514,93160,"NOISY-LE-GRAND","AO633",91701,9.1701,"93",2
"14515",14515,93160,"NOISY-LE-GRAND","AO640",355000,35.5,"93",1
"14516",14516,93160,"NOISY-LE-GRAND","AO645",470000,47,"93",6
"14517",14517,93160,"NOISY-LE-GRAND","AO759",370000,37,"93",2
"14518",14518,93160,"NOISY-LE-GRAND","AP18",2e+05,20,"93",2
"14519",14519,93160,"NOISY-LE-GRAND","AP21",175000,17.5,"93",3
"14520",14520,93160,"NOISY-LE-GRAND","AP27",247700,24.77,"93",2
"14521",14521,93160,"NOISY-LE-GRAND","AP342",214000,21.4,"93",1
"14522",14522,93160,"NOISY-LE-GRAND","AP492",210000,21,"93",5
"14523",14523,93160,"NOISY-LE-GRAND","AP537",6e+05,60,"93",1
"14524",14524,93160,"NOISY-LE-GRAND","AP538",6e+05,60,"93",1
"14525",14525,93160,"NOISY-LE-GRAND","AP593",238000,23.8,"93",2
"14526",14526,93160,"NOISY-LE-GRAND","AP93",510000,51,"93",1
"14527",14527,93160,"NOISY-LE-GRAND","AR186",355000,35.5,"93",1
"14528",14528,93160,"NOISY-LE-GRAND","AR265",345000,34.5,"93",1
"14529",14529,93160,"NOISY-LE-GRAND","AR481",279400,27.94,"93",2
"14530",14530,93160,"NOISY-LE-GRAND","AR695",494024.5,49.40245,"93",2
"14531",14531,93160,"NOISY-LE-GRAND","AR697",138600,13.86,"93",1
"14532",14532,93160,"NOISY-LE-GRAND","AS1",118000,11.8,"93",1
"14533",14533,93160,"NOISY-LE-GRAND","AS299",3e+05,30,"93",2
"14534",14534,93160,"NOISY-LE-GRAND","AS604",663000,66.3,"93",1
"14535",14535,93160,"NOISY-LE-GRAND","AS607",320000,32,"93",1
"14536",14536,93160,"NOISY-LE-GRAND","AS609",320000,32,"93",1
"14537",14537,93160,"NOISY-LE-GRAND","AS612",395000,39.5,"93",1
"14538",14538,93160,"NOISY-LE-GRAND","AV707",221000.142857143,22.1000142857143,"93",7
"14539",14539,93160,"NOISY-LE-GRAND","AW1028",3e+05,30,"93",1
"14540",14540,93160,"NOISY-LE-GRAND","AW46",346700,34.67,"93",3
"14541",14541,93160,"NOISY-LE-GRAND","AW855",4000,0.4,"93",1
"14542",14542,93160,"NOISY-LE-GRAND","AW856",294800,29.48,"93",2
"14543",14543,93160,"NOISY-LE-GRAND","AW857",359447.28,35.944728,"93",2
"14544",14544,93160,"NOISY-LE-GRAND","AW870",326000,32.6,"93",1
"14545",14545,93160,"NOISY-LE-GRAND","AW885",594725,59.4725,"93",4
"14546",14546,93160,"NOISY-LE-GRAND","AW913",437000,43.7,"93",1
"14547",14547,93160,"NOISY-LE-GRAND","AW917",437000,43.7,"93",1
"14548",14548,93160,"NOISY-LE-GRAND","AW979",440000,44,"93",5
"14549",14549,93160,"NOISY-LE-GRAND","AX144",460000,46,"93",1
"14550",14550,93160,"NOISY-LE-GRAND","AX165",208000,20.8,"93",2
"14551",14551,93160,"NOISY-LE-GRAND","AX169",218000,21.8,"93",2
"14552",14552,93160,"NOISY-LE-GRAND","AX203",264100,26.41,"93",4
"14553",14553,93160,"NOISY-LE-GRAND","AX214",357000,35.7,"93",1
"14554",14554,93160,"NOISY-LE-GRAND","AX225",276250,27.625,"93",4
"14555",14555,93160,"NOISY-LE-GRAND","AX24",314000,31.4,"93",3
"14556",14556,93160,"NOISY-LE-GRAND","AX26",234000,23.4,"93",4
"14557",14557,93160,"NOISY-LE-GRAND","AX263",16000,1.6,"93",1
"14558",14558,93160,"NOISY-LE-GRAND","AX268",229700,22.97,"93",1
"14559",14559,93160,"NOISY-LE-GRAND","AX344",315750,31.575,"93",4
"14560",14560,93160,"NOISY-LE-GRAND","AX66",133886.666666667,13.3886666666667,"93",3
"14561",14561,93160,"NOISY-LE-GRAND","AY106",242800,24.28,"93",1
"14562",14562,93160,"NOISY-LE-GRAND","AY155",205944.444444444,20.5944444444444,"93",9
"14563",14563,93160,"NOISY-LE-GRAND","AY293",153000,15.3,"93",2
"14564",14564,93160,"NOISY-LE-GRAND","AY61",320000,32,"93",3
"14565",14565,93160,"NOISY-LE-GRAND","AY80",259575,25.9575,"93",8
"14566",14566,93160,"NOISY-LE-GRAND","AZ1",274333.333333333,27.4333333333333,"93",3
"14567",14567,93160,"NOISY-LE-GRAND","AZ147",322500,32.25,"93",2
"14568",14568,93160,"NOISY-LE-GRAND","AZ159",259333.333333333,25.9333333333333,"93",3
"14569",14569,93160,"NOISY-LE-GRAND","AZ170",169530,16.953,"93",2
"14570",14570,93160,"NOISY-LE-GRAND","AZ334",441200,44.12,"93",10
"14571",14571,93160,"NOISY-LE-GRAND","AZ34",311920,31.192,"93",8
"14572",14572,93160,"NOISY-LE-GRAND","AZ358",860000,86,"93",1
"14573",14573,93160,"NOISY-LE-GRAND","AZ369",116666.666666667,11.6666666666667,"93",3
"14574",14574,93160,"NOISY-LE-GRAND","AZ39",250000,25,"93",2
"14575",14575,93160,"NOISY-LE-GRAND","AZ398",7e+05,70,"93",2
"14576",14576,93160,"NOISY-LE-GRAND","AZ41",281666.666666667,28.1666666666667,"93",6
"14577",14577,93160,"NOISY-LE-GRAND","AZ418",9000,0.9,"93",1
"14578",14578,93160,"NOISY-LE-GRAND","AZ482",319000,31.9,"93",1
"14579",14579,93160,"NOISY-LE-GRAND","AZ487",676750,67.675,"93",1
"14580",14580,93160,"NOISY-LE-GRAND","AZ494",337000,33.7,"93",1
"14581",14581,93160,"NOISY-LE-GRAND","AZ703",355000,35.5,"93",3
"14582",14582,93160,"NOISY-LE-GRAND","AZ709",7e+05,70,"93",1
"14583",14583,93160,"NOISY-LE-GRAND","AZ789",350000,35,"93",1
"14584",14584,93160,"NOISY-LE-GRAND","AZ793",51000,5.1,"93",1
"14585",14585,93160,"NOISY-LE-GRAND","BC244",303500,30.35,"93",4
"14586",14586,93160,"NOISY-LE-GRAND","BC429",493500,49.35,"93",2
"14587",14587,93160,"NOISY-LE-GRAND","BC473",2200000,220,"93",1
"14588",14588,93160,"NOISY-LE-GRAND","BC491",529000,52.9,"93",2
"14589",14589,93160,"NOISY-LE-GRAND","BC506",375000,37.5,"93",4
"14590",14590,93160,"NOISY-LE-GRAND","BD210",275000,27.5,"93",4
"14591",14591,93160,"NOISY-LE-GRAND","BD67",140363.636363636,14.0363636363636,"93",11
"14592",14592,93160,"NOISY-LE-GRAND","BD9",209000,20.9,"93",1
"14593",14593,93160,"NOISY-LE-GRAND","BK376",504500,50.45,"93",1
"14594",14594,93160,"NOISY-LE-GRAND","BK426",264000,26.4,"93",1
"14595",14595,93160,"NOISY-LE-GRAND","BK89",410000,41,"93",1
"14596",14596,93160,"NOISY-LE-GRAND","BO211",262250,26.225,"93",8
"14597",14597,93160,"NOISY-LE-GRAND","BO64",150000,15,"93",2
"14598",14598,93160,"NOISY-LE-GRAND","BO9",242714.285714286,24.2714285714286,"93",7
"14599",14599,93160,"NOISY-LE-GRAND","BR14",265000,26.5,"93",2
"14600",14600,93160,"NOISY-LE-GRAND","BR7",185000,18.5,"93",2
"14601",14601,93160,"NOISY-LE-GRAND","BR8",146000,14.6,"93",3
"14602",14602,93160,"NOISY-LE-GRAND","BS17",207000,20.7,"93",2
"14603",14603,93160,"NOISY-LE-GRAND","BS48",339450,33.945,"93",4
"14604",14604,93160,"NOISY-LE-GRAND","BS54",171500,17.15,"93",3
"14605",14605,93160,"NOISY-LE-GRAND","BV1",88800,8.88,"93",5
"14606",14606,93160,"NOISY-LE-GRAND","BV14",5064475,506.4475,"93",1
"14607",14607,93160,"NOISY-LE-GRAND","BV144",4e+05,40,"93",1
"14608",14608,93160,"NOISY-LE-GRAND","BV146",36566.6666666667,3.65666666666667,"93",3
"14609",14609,93160,"NOISY-LE-GRAND","BV215",41396.6666666667,4.13966666666667,"93",3
"14610",14610,93160,"NOISY-LE-GRAND","BV309",199750,19.975,"93",6
"14611",14611,93160,"NOISY-LE-GRAND","BV42",68750,6.875,"93",1
"14612",14612,93160,"NOISY-LE-GRAND","BV74",156500,15.65,"93",2
"14613",14613,93160,"NOISY-LE-GRAND","BW28",280000,28,"93",2
"14614",14614,93160,"NOISY-LE-GRAND","BW30",103000,10.3,"93",2
"14615",14615,93160,"NOISY-LE-GRAND","BX30",634700,63.47,"93",2
"14616",14616,93160,"NOISY-LE-GRAND","BX65",242000,24.2,"93",2
"14617",14617,93160,"NOISY-LE-GRAND","BY34",469000,46.9,"93",1
"14618",14618,93160,"NOISY-LE-GRAND","BZ109",256000,25.6,"93",2
"14619",14619,93160,"NOISY-LE-GRAND","BZ110",139000,13.9,"93",2
"14620",14620,93160,"NOISY-LE-GRAND","BZ113",17375,1.7375,"93",4
"14621",14621,93160,"NOISY-LE-GRAND","BZ114",180500,18.05,"93",4
"14622",14622,93160,"NOISY-LE-GRAND","BZ154",465000,46.5,"93",1
"14623",14623,93160,"NOISY-LE-GRAND","BZ179",181295.5,18.12955,"93",4
"14624",14624,93160,"NOISY-LE-GRAND","BZ86",230000,23,"93",3
"14625",14625,93160,"NOISY-LE-GRAND","BZ89",263350,26.335,"93",2
"14626",14626,93160,"NOISY-LE-GRAND","CA4",293900,29.39,"93",2
"14627",14627,93160,"NOISY-LE-GRAND","CB102",235330,23.533,"93",2
"14628",14628,93160,"NOISY-LE-GRAND","CB44",247450,24.745,"93",2
"14629",14629,93160,"NOISY-LE-GRAND","CD3",195000,19.5,"93",3
"14630",14630,93160,"NOISY-LE-GRAND","CD69",163000,16.3,"93",2
"14631",14631,93160,"NOISY-LE-GRAND","CD7",160000,16,"93",2
"14632",14632,93160,"NOISY-LE-GRAND","CE12",195000,19.5,"93",2
"14633",14633,93160,"NOISY-LE-GRAND","CE48",237150,23.715,"93",2
"14634",14634,93160,"NOISY-LE-GRAND","CE49",237150,23.715,"93",2
"14635",14635,93160,"NOISY-LE-GRAND","CE61",211272.727272727,21.1272727272727,"93",11
"14636",14636,93160,"NOISY-LE-GRAND","CE62",191700.32,19.170032,"93",7
"14637",14637,93160,"NOISY-LE-GRAND","CE69",265000,26.5,"93",3
"14638",14638,93160,"NOISY-LE-GRAND","CH28",45000,4.5,"93",1
"14639",14639,93160,"NOISY-LE-GRAND","CH30",97323.254,9.7323254,"93",5
"14640",14640,93160,"NOISY-LE-GRAND","CK34",251600,25.16,"93",3
"14641",14641,93160,"NOISY-LE-GRAND","CK36",265000,26.5,"93",3
"14642",14642,93160,"NOISY-LE-GRAND","CL37",2300000,230,"93",3
"14643",14643,93160,"NOISY-LE-GRAND","CM36",515000,51.5,"93",1
"14644",14644,93160,"NOISY-LE-GRAND","CN113",285000,28.5,"93",2
"14645",14645,93160,"NOISY-LE-GRAND","CN145",3e+05,30,"93",2
"14646",14646,93160,"NOISY-LE-GRAND","CN160",234446.666666667,23.4446666666667,"93",6
"14647",14647,93160,"NOISY-LE-GRAND","CN166",203666.666666667,20.3666666666667,"93",3
"14648",14648,93160,"NOISY-LE-GRAND","CN180",360000,36,"93",3
"14649",14649,93160,"NOISY-LE-GRAND","CN205",290171,29.0171,"93",4
"14650",14650,93160,"NOISY-LE-GRAND","CN21",265000,26.5,"93",3
"14651",14651,93160,"NOISY-LE-GRAND","CN220",3e+05,30,"93",2
"14652",14652,93160,"NOISY-LE-GRAND","CN36",161666.666666667,16.1666666666667,"93",3
"14653",14653,93160,"NOISY-LE-GRAND","CN47",255000,25.5,"93",2
"14654",14654,93160,"NOISY-LE-GRAND","CN64",348833.333333333,34.8833333333333,"93",6
"14655",14655,93160,"NOISY-LE-GRAND","CN78",270000,27,"93",2
"14656",14656,93160,"NOISY-LE-GRAND","CN90",405000,40.5,"93",2
"14657",14657,93160,"NOISY-LE-GRAND","CN93",113250,11.325,"93",2
"14658",14658,93160,"NOISY-LE-GRAND","CN96",160000,16,"93",2
"14659",14659,93220,"GAGNY","BE248",280000,28,"93",1
"14660",14660,93220,"GAGNY","BE268",299000,29.9,"93",2
"14661",14661,93220,"GAGNY","BE462",220000,22,"93",1
"14662",14662,93220,"GAGNY","BE501",389000,38.9,"93",1
"14663",14663,93220,"GAGNY","BE517",420000,42,"93",3
"14664",14664,93220,"GAGNY","BH102",417000,41.7,"93",1
"14665",14665,93220,"GAGNY","BH167",4e+05,40,"93",1
"14666",14666,93220,"GAGNY","BH191",2e+05,20,"93",1
"14667",14667,93220,"GAGNY","BH3",250000,25,"93",3
"14668",14668,93220,"GAGNY","BH307",237000,23.7,"93",1
"14669",14669,93220,"GAGNY","BH32",108000,10.8,"93",2
"14670",14670,93220,"GAGNY","BH327",3e+05,30,"93",2
"14671",14671,93220,"GAGNY","BH336",3e+05,30,"93",1
"14672",14672,93220,"GAGNY","BH549",189900,18.99,"93",2
"14673",14673,93220,"GAGNY","BI161",366000,36.6,"93",2
"14674",14674,93220,"GAGNY","BK141",303716.666666667,30.3716666666667,"93",3
"14675",14675,93220,"GAGNY","BM53",369649.25,36.964925,"93",2
"14676",14676,93220,"GAGNY","BM72",238000,23.8,"93",2
"14677",14677,93220,"GAGNY","BN145",215000,21.5,"93",2
"14678",14678,93220,"GAGNY","BN193",198000,19.8,"93",1
"14679",14679,93220,"GAGNY","BN194",198000,19.8,"93",2
"14680",14680,93220,"GAGNY","BN214",175000,17.5,"93",1
"14681",14681,93220,"GAGNY","BN28",286826,28.6826,"93",3
"14682",14682,93220,"GAGNY","BN406",241000,24.1,"93",1
"14683",14683,93220,"GAGNY","BN411",251900,25.19,"93",1
"14684",14684,93220,"GAGNY","BN46",235000,23.5,"93",1
"14685",14685,93220,"GAGNY","BN72",240000,24,"93",1
"14686",14686,93220,"GAGNY","BO127",207000,20.7,"93",3
"14687",14687,93220,"GAGNY","BO178",367000,36.7,"93",1
"14688",14688,93220,"GAGNY","BO195",3e+05,30,"93",2
"14689",14689,93220,"GAGNY","BO242",440000,44,"93",3
"14690",14690,93220,"GAGNY","BO258",255000,25.5,"93",2
"14691",14691,93220,"GAGNY","BO298",232000,23.2,"93",2
"14692",14692,93220,"GAGNY","BO318",375000,37.5,"93",1
"14693",14693,93220,"GAGNY","BP28",205000,20.5,"93",1
"14694",14694,93220,"GAGNY","BP440",383000,38.3,"93",3
"14695",14695,93220,"GAGNY","BP450",367000,36.7,"93",1
"14696",14696,93220,"GAGNY","BR152",1e+05,10,"93",3
"14697",14697,93220,"GAGNY","BR254",312335,31.2335,"93",1
"14698",14698,93220,"GAGNY","BR415",220000,22,"93",2
"14699",14699,93220,"GAGNY","BR588",83800,8.38,"93",2
"14700",14700,93220,"GAGNY","BR626",163500,16.35,"93",1
"14701",14701,93220,"GAGNY","BR627",151500,15.15,"93",1
"14702",14702,93220,"GAGNY","BS101",143000,14.3,"93",3
"14703",14703,93220,"GAGNY","BS150",271000,27.1,"93",2
"14704",14704,93220,"GAGNY","BS176",86000,8.6,"93",3
"14705",14705,93220,"GAGNY","BS250",327950,32.795,"93",3
"14706",14706,93220,"GAGNY","BS348",153000,15.3,"93",2
"14707",14707,93220,"GAGNY","BS428",359000,35.9,"93",1
"14708",14708,93220,"GAGNY","BS445",263000,26.3,"93",3
"14709",14709,93220,"GAGNY","BS480",270000,27,"93",1
"14710",14710,93220,"GAGNY","BS95",288000,28.8,"93",5
"14711",14711,93220,"GAGNY","BT112",215000,21.5,"93",1
"14712",14712,93220,"GAGNY","BT140",1515000,151.5,"93",10
"14713",14713,93220,"GAGNY","BT32",310000,31,"93",2
"14714",14714,93220,"GAGNY","BT379",420900,42.09,"93",1
"14715",14715,93220,"GAGNY","BT386",382000,38.2,"93",1
"14716",14716,93220,"GAGNY","BT407",1515000,151.5,"93",10
"14717",14717,93220,"GAGNY","BT481",468000,46.8,"93",1
"14718",14718,93220,"GAGNY","BT524",133950,13.395,"93",2
"14719",14719,93220,"GAGNY","BT526",1515000,151.5,"93",12
"14720",14720,93220,"GAGNY","BV217",480000,48,"93",1
"14721",14721,93220,"GAGNY","BV246",200947.88,20.094788,"93",2
"14722",14722,93220,"GAGNY","BV419",290000,29,"93",1
"14723",14723,93220,"GAGNY","BV420",290000,29,"93",1
"14724",14724,93220,"GAGNY","BV481",242000,24.2,"93",1
"14725",14725,93220,"GAGNY","BV499",342000,34.2,"93",1
"14726",14726,93220,"GAGNY","BV518",396000,39.6,"93",2
"14727",14727,93220,"GAGNY","BV551",340000,34,"93",1
"14728",14728,93220,"GAGNY","BV665",277000,27.7,"93",1
"14729",14729,93220,"GAGNY","BV704",340000,34,"93",1
"14730",14730,93220,"GAGNY","BV705",185250,18.525,"93",2
"14731",14731,93220,"GAGNY","BV781",350000,35,"93",1
"14732",14732,93220,"GAGNY","BW141",444494,44.4494,"93",2
"14733",14733,93220,"GAGNY","BW142",140000,14,"93",1
"14734",14734,93220,"GAGNY","BW172",5000,0.5,"93",2
"14735",14735,93220,"GAGNY","BW203",560000,56,"93",1
"14736",14736,93220,"GAGNY","BW33",168425,16.8425,"93",2
"14737",14737,93220,"GAGNY","BW407",3e+05,30,"93",2
"14738",14738,93220,"GAGNY","BX118",263000,26.3,"93",2
"14739",14739,93220,"GAGNY","BX149",192000,19.2,"93",2
"14740",14740,93220,"GAGNY","BX178",163000,16.3,"93",2
"14741",14741,93220,"GAGNY","BX208",82420,8.242,"93",5
"14742",14742,93220,"GAGNY","BX259",135000,13.5,"93",3
"14743",14743,93220,"GAGNY","BX378",360000,36,"93",1
"14744",14744,93220,"GAGNY","BX407",285814.285714286,28.5814285714286,"93",14
"14745",14745,93220,"GAGNY","BX41",121000,12.1,"93",2
"14746",14746,93220,"GAGNY","BX60",329000,32.9,"93",2
"14747",14747,93220,"GAGNY","BX72",210000,21,"93",2
"14748",14748,93220,"GAGNY","BY199",169000,16.9,"93",1
"14749",14749,93220,"GAGNY","BY291",387000,38.7,"93",10
"14750",14750,93220,"GAGNY","BY310",227000,22.7,"93",3
"14751",14751,93220,"GAGNY","BY316",224000,22.4,"93",3
"14752",14752,93220,"GAGNY","BY32",159142.857142857,15.9142857142857,"93",7
"14753",14753,93220,"GAGNY","BY362",360000,36,"93",1
"14754",14754,93220,"GAGNY","BY435",182000,18.2,"93",3
"14755",14755,93220,"GAGNY","BY440",462500,46.25,"93",2
"14756",14756,93220,"GAGNY","BY470",680000,68,"93",1
"14757",14757,93220,"GAGNY","BY490",580000,58,"93",1
"14758",14758,93220,"GAGNY","BY538",244935.789473684,24.4935789473684,"93",38
"14759",14759,93220,"GAGNY","BY71",171000,17.1,"93",3
"14760",14760,93220,"GAGNY","BY83",171200,17.12,"93",9
"14761",14761,93220,"GAGNY","BZ247",3e+05,30,"93",2
"14762",14762,93220,"GAGNY","BZ37",862500,86.25,"93",1
"14763",14763,93220,"GAGNY","CA46",171400,17.14,"93",16
"14764",14764,93220,"GAGNY","CA52",167760,16.776,"93",10
"14765",14765,93220,"GAGNY","CB184",455000,45.5,"93",1
"14766",14766,93220,"GAGNY","CB267",125000,12.5,"93",2
"14767",14767,93220,"GAGNY","CB29",425000,42.5,"93",1
"14768",14768,93220,"GAGNY","CB337",10000,1,"93",1
"14769",14769,93220,"GAGNY","CB348",430000,43,"93",1
"14770",14770,93220,"GAGNY","CB375",153000,15.3,"93",3
"14771",14771,93220,"GAGNY","CB385",175000,17.5,"93",3
"14772",14772,93220,"GAGNY","CB54",245000,24.5,"93",1
"14773",14773,93220,"GAGNY","CB63",350000,35,"93",3
"14774",14774,93220,"GAGNY","CB80",385000,38.5,"93",3
"14775",14775,93220,"GAGNY","CB98",159000,15.9,"93",1
"14776",14776,93220,"GAGNY","CC140",187500,18.75,"93",2
"14777",14777,93220,"GAGNY","CC17",470000,47,"93",1
"14778",14778,93220,"GAGNY","CC348",390000,39,"93",2
"14779",14779,93220,"GAGNY","CC450",115000,11.5,"93",2
"14780",14780,93220,"GAGNY","CC507",121833.333333333,12.1833333333333,"93",3
"14781",14781,93220,"GAGNY","CC523",186000,18.6,"93",2
"14782",14782,93220,"GAGNY","CC624",130000,13,"93",2
"14783",14783,93220,"GAGNY","CC645",84000,8.4,"93",1
"14784",14784,93220,"GAGNY","CC749",250000,25,"93",1
"14785",14785,93220,"GAGNY","CC750",250000,25,"93",1
"14786",14786,93220,"GAGNY","CC82",107500,10.75,"93",1
"14787",14787,93220,"GAGNY","CC840",208400,20.84,"93",1
"14788",14788,93220,"GAGNY","CD25",76000,7.6,"93",3
"14789",14789,93220,"GAGNY","CE165",209000,20.9,"93",4
"14790",14790,93220,"GAGNY","CE169",248000,24.8,"93",2
"14791",14791,93220,"GAGNY","CE222",144000,14.4,"93",2
"14792",14792,93220,"GAGNY","CE233",109666.666666667,10.9666666666667,"93",3
"14793",14793,93220,"GAGNY","CE235",324000,32.4,"93",4
"14794",14794,93220,"GAGNY","CE36",307281.666666667,30.7281666666667,"93",3
"14795",14795,93220,"GAGNY","CE85",126166.666666667,12.6166666666667,"93",6
"14796",14796,93220,"GAGNY","CH129",210000,21,"93",1
"14797",14797,93220,"GAGNY","CH190",131000,13.1,"93",6
"14798",14798,93220,"GAGNY","CH193",215000,21.5,"93",1
"14799",14799,93220,"GAGNY","CH195",107000,10.7,"93",2
"14800",14800,93220,"GAGNY","CH199",110000,11,"93",2
"14801",14801,93220,"GAGNY","CH41",19000,1.9,"93",1
"14802",14802,93220,"GAGNY","CI1",200257.142857143,20.0257142857143,"93",7
"14803",14803,93220,"GAGNY","CI106",261200,26.12,"93",5
"14804",14804,93220,"GAGNY","CI20",170000,17,"93",3
"14805",14805,93220,"GAGNY","CI21",181000,18.1,"93",3
"14806",14806,93220,"GAGNY","CI222",336645,33.6645,"93",1
"14807",14807,93220,"GAGNY","CI230",312000,31.2,"93",1
"14808",14808,93220,"GAGNY","CI240",298000,29.8,"93",1
"14809",14809,93220,"GAGNY","CI272",342000,34.2,"93",2
"14810",14810,93220,"GAGNY","CI32",262000,26.2,"93",4
"14811",14811,93220,"GAGNY","CI323",115000,11.5,"93",1
"14812",14812,93220,"GAGNY","CI347",260000,26,"93",1
"14813",14813,93220,"GAGNY","CI374",525000,52.5,"93",1
"14814",14814,93220,"GAGNY","CI375",435000,43.5,"93",1
"14815",14815,93220,"GAGNY","CI381",290000,29,"93",3
"14816",14816,93220,"GAGNY","CI387",110977.777777778,11.0977777777778,"93",9
"14817",14817,93220,"GAGNY","CI402",405000,40.5,"93",1
"14818",14818,93220,"GAGNY","CI403",440000,44,"93",2
"14819",14819,93220,"GAGNY","CI432",171750,17.175,"93",4
"14820",14820,93220,"GAGNY","CI436",160000,16,"93",2
"14821",14821,93220,"GAGNY","CI486",105000,10.5,"93",2
"14822",14822,93220,"GAGNY","CI518",97000,9.7,"93",1
"14823",14823,93220,"GAGNY","CI533",850000,85,"93",4
"14824",14824,93220,"GAGNY","CI578",92800,9.28,"93",5
"14825",14825,93220,"GAGNY","CI598",115000,11.5,"93",1
"14826",14826,93250,"VILLEMOMBLE","A10",220000,22,"93",8
"14827",14827,93250,"VILLEMOMBLE","A121",228057.142857143,22.8057142857143,"93",7
"14828",14828,93250,"VILLEMOMBLE","A19",338400,33.84,"93",1
"14829",14829,93250,"VILLEMOMBLE","A56",123000,12.3,"93",3
"14830",14830,93250,"VILLEMOMBLE","A8",530000,53,"93",2
"14831",14831,93250,"VILLEMOMBLE","A91",360000,36,"93",1
"14832",14832,93250,"VILLEMOMBLE","AB132",160000,16,"93",3
"14833",14833,93250,"VILLEMOMBLE","AD66",360000,36,"93",1
"14834",14834,93250,"VILLEMOMBLE","AE51",365000,36.5,"93",2
"14835",14835,93250,"VILLEMOMBLE","AE7",526300,52.63,"93",9
"14836",14836,93250,"VILLEMOMBLE","AF134",179000,17.9,"93",2
"14837",14837,93250,"VILLEMOMBLE","AF45",135000,13.5,"93",2
"14838",14838,93250,"VILLEMOMBLE","AH170",456000,45.6,"93",2
"14839",14839,93250,"VILLEMOMBLE","AH171",456000,45.6,"93",1
"14840",14840,93250,"VILLEMOMBLE","AH37",350000,35,"93",2
"14841",14841,93250,"VILLEMOMBLE","AI197",319000,31.9,"93",1
"14842",14842,93250,"VILLEMOMBLE","AI74",456319.6,45.63196,"93",2
"14843",14843,93250,"VILLEMOMBLE","AI98",314705,31.4705,"93",2
"14844",14844,93250,"VILLEMOMBLE","AK101",20000,2,"93",6
"14845",14845,93250,"VILLEMOMBLE","AL146",268000,26.8,"93",1
"14846",14846,93250,"VILLEMOMBLE","AL150",380000,38,"93",1
"14847",14847,93250,"VILLEMOMBLE","AM181",132500,13.25,"93",2
"14848",14848,93250,"VILLEMOMBLE","AN9",310000,31,"93",2
"14849",14849,93250,"VILLEMOMBLE","AP91",263508,26.3508,"93",1
"14850",14850,93250,"VILLEMOMBLE","AQ141",649400,64.94,"93",2
"14851",14851,93250,"VILLEMOMBLE","AQ142",649400,64.94,"93",1
"14852",14852,93250,"VILLEMOMBLE","AQ189",380000,38,"93",1
"14853",14853,93250,"VILLEMOMBLE","AQ23",210000,21,"93",2
"14854",14854,93250,"VILLEMOMBLE","AR38",112000,11.2,"93",2
"14855",14855,93250,"VILLEMOMBLE","AR39",231000,23.1,"93",3
"14856",14856,93250,"VILLEMOMBLE","AR59",63000,6.3,"93",2
"14857",14857,93250,"VILLEMOMBLE","AR89",541090,54.109,"93",4
"14858",14858,93250,"VILLEMOMBLE","AS126",390000,39,"93",3
"14859",14859,93250,"VILLEMOMBLE","AS80",310000,31,"93",2
"14860",14860,93250,"VILLEMOMBLE","AT153",5e+05,50,"93",1
"14861",14861,93250,"VILLEMOMBLE","AT48",560000,56,"93",1
"14862",14862,93250,"VILLEMOMBLE","B3",345000,34.5,"93",2
"14863",14863,93250,"VILLEMOMBLE","B85",243720,24.372,"93",5
"14864",14864,93250,"VILLEMOMBLE","C85",153000,15.3,"93",2
"14865",14865,93250,"VILLEMOMBLE","C86",160000,16,"93",6
"14866",14866,93250,"VILLEMOMBLE","D14",120000,12,"93",2
"14867",14867,93250,"VILLEMOMBLE","D174",87500,8.75,"93",2
"14868",14868,93250,"VILLEMOMBLE","D217",134700,13.47,"93",3
"14869",14869,93250,"VILLEMOMBLE","D4",180000,18,"93",4
"14870",14870,93250,"VILLEMOMBLE","D42",120100,12.01,"93",1
"14871",14871,93250,"VILLEMOMBLE","D44",135000,13.5,"93",1
"14872",14872,93250,"VILLEMOMBLE","D9",142333.333333333,14.2333333333333,"93",3
"14873",14873,93250,"VILLEMOMBLE","E122",108250,10.825,"93",2
"14874",14874,93250,"VILLEMOMBLE","E3",170000,17,"93",2
"14875",14875,93250,"VILLEMOMBLE","F112",625000,62.5,"93",1
"14876",14876,93250,"VILLEMOMBLE","F133",1e+05,10,"93",1
"14877",14877,93250,"VILLEMOMBLE","F144",1e+05,10,"93",1
"14878",14878,93250,"VILLEMOMBLE","F22",209500,20.95,"93",3
"14879",14879,93250,"VILLEMOMBLE","F62",213000,21.3,"93",2
"14880",14880,93250,"VILLEMOMBLE","G110",146919.44,14.691944,"93",2
"14881",14881,93250,"VILLEMOMBLE","G139",233000,23.3,"93",2
"14882",14882,93250,"VILLEMOMBLE","G40",253000,25.3,"93",2
"14883",14883,93250,"VILLEMOMBLE","H106",5e+05,50,"93",3
"14884",14884,93250,"VILLEMOMBLE","H183",90000,9,"93",1
"14885",14885,93250,"VILLEMOMBLE","H194",960000,96,"93",2
"14886",14886,93250,"VILLEMOMBLE","I177",310000,31,"93",1
"14887",14887,93250,"VILLEMOMBLE","I41",183000,18.3,"93",2
"14888",14888,93250,"VILLEMOMBLE","I42",2e+05,20,"93",2
"14889",14889,93250,"VILLEMOMBLE","I45",328000,32.8,"93",1
"14890",14890,93250,"VILLEMOMBLE","I51",140000,14,"93",2
"14891",14891,93250,"VILLEMOMBLE","I55",115400,11.54,"93",5
"14892",14892,93250,"VILLEMOMBLE","I58",1625000,162.5,"93",1
"14893",14893,93250,"VILLEMOMBLE","I59",1200000,120,"93",2
"14894",14894,93250,"VILLEMOMBLE","I66",7000,0.7,"93",1
"14895",14895,93250,"VILLEMOMBLE","I71",492200,49.22,"93",1
"14896",14896,93250,"VILLEMOMBLE","J1",2e+05,20,"93",2
"14897",14897,93250,"VILLEMOMBLE","J112",123000,12.3,"93",3
"14898",14898,93250,"VILLEMOMBLE","J129",345249.47,34.524947,"93",2
"14899",14899,93250,"VILLEMOMBLE","J163",135000,13.5,"93",2
"14900",14900,93250,"VILLEMOMBLE","J177",62500,6.25,"93",2
"14901",14901,93250,"VILLEMOMBLE","J186",195000,19.5,"93",2
"14902",14902,93250,"VILLEMOMBLE","J48",182000,18.2,"93",2
"14903",14903,93250,"VILLEMOMBLE","J58",1e+05,10,"93",2
"14904",14904,93250,"VILLEMOMBLE","J78",102750,10.275,"93",4
"14905",14905,93250,"VILLEMOMBLE","J99",145000,14.5,"93",3
"14906",14906,93250,"VILLEMOMBLE","K119",705000,70.5,"93",6
"14907",14907,93250,"VILLEMOMBLE","L152",329900,32.99,"93",1
"14908",14908,93250,"VILLEMOMBLE","L44",417000,41.7,"93",1
"14909",14909,93250,"VILLEMOMBLE","M113",432692,43.2692,"93",2
"14910",14910,93250,"VILLEMOMBLE","O1",158000,15.8,"93",2
"14911",14911,93250,"VILLEMOMBLE","O51",265000,26.5,"93",4
"14912",14912,93250,"VILLEMOMBLE","P110",3e+05,30,"93",3
"14913",14913,93250,"VILLEMOMBLE","P73",177000,17.7,"93",2
"14914",14914,93250,"VILLEMOMBLE","P90",532900,53.29,"93",1
"14915",14915,93250,"VILLEMOMBLE","Q102",178000,17.8,"93",4
"14916",14916,93250,"VILLEMOMBLE","Q53",252770,25.277,"93",3
"14917",14917,93250,"VILLEMOMBLE","Q85",331000,33.1,"93",2
"14918",14918,93250,"VILLEMOMBLE","Q86",331000,33.1,"93",1
"14919",14919,93250,"VILLEMOMBLE","R147",643200,64.32,"93",17
"14920",14920,93250,"VILLEMOMBLE","R32",225000,22.5,"93",3
"14921",14921,93250,"VILLEMOMBLE","R38",3e+05,30,"93",3
"14922",14922,93250,"VILLEMOMBLE","R85",167000,16.7,"93",2
"14923",14923,93250,"VILLEMOMBLE","R96",148000,14.8,"93",2
"14924",14924,93250,"VILLEMOMBLE","S113",187000,18.7,"93",2
"14925",14925,93250,"VILLEMOMBLE","S116",475000,47.5,"93",7
"14926",14926,93250,"VILLEMOMBLE","S136",520000,52,"93",1
"14927",14927,93250,"VILLEMOMBLE","S222",218000,21.8,"93",3
"14928",14928,93250,"VILLEMOMBLE","S234",150700,15.07,"93",5
"14929",14929,93250,"VILLEMOMBLE","S269",236000,23.6,"93",3
"14930",14930,93250,"VILLEMOMBLE","S298",213620.5,21.36205,"93",20
"14931",14931,93250,"VILLEMOMBLE","S299",350000,35,"93",1
"14932",14932,93250,"VILLEMOMBLE","S300",350000,35,"93",1
"14933",14933,93250,"VILLEMOMBLE","S34",225650,22.565,"93",3
"14934",14934,93250,"VILLEMOMBLE","S53",8e+05,80,"93",10
"14935",14935,93250,"VILLEMOMBLE","S8",195113.636363636,19.5113636363636,"93",11
"14936",14936,93250,"VILLEMOMBLE","T125",167450,16.745,"93",6
"14937",14937,93250,"VILLEMOMBLE","T136",3442491.2,344.24912,"93",15
"14938",14938,93250,"VILLEMOMBLE","T143",22000,2.2,"93",2
"14939",14939,93250,"VILLEMOMBLE","T187",247000,24.7,"93",2
"14940",14940,93250,"VILLEMOMBLE","T19",3e+05,30,"93",1
"14941",14941,93250,"VILLEMOMBLE","T94",223000,22.3,"93",2
"14942",14942,93250,"VILLEMOMBLE","U134",162500,16.25,"93",2
"14943",14943,93250,"VILLEMOMBLE","U51",177800,17.78,"93",4
"14944",14944,93250,"VILLEMOMBLE","V107",395000,39.5,"93",1
"14945",14945,93250,"VILLEMOMBLE","V129",3e+05,30,"93",1
"14946",14946,93250,"VILLEMOMBLE","X100",12173065,1217.3065,"93",1
"14947",14947,93250,"VILLEMOMBLE","X101",12173065,1217.3065,"93",1
"14948",14948,93250,"VILLEMOMBLE","X102",12173065,1217.3065,"93",1
"14949",14949,93250,"VILLEMOMBLE","X103",12173065,1217.3065,"93",1
"14950",14950,93250,"VILLEMOMBLE","X252",455000,45.5,"93",1
"14951",14951,93250,"VILLEMOMBLE","X99",12173065,1217.3065,"93",1
"14952",14952,93250,"VILLEMOMBLE","Y7",387000,38.7,"93",1
"14953",14953,93250,"VILLEMOMBLE","Y98",270000,27,"93",1
"14954",14954,93250,"VILLEMOMBLE","Z81",4e+05,40,"93",1
"14955",14955,93310,"LE PRE-SAINT-GERVAIS","A12",350000,35,"93",1
"14956",14956,93310,"LE PRE-SAINT-GERVAIS","A121",16500,1.65,"93",1
"14957",14957,93310,"LE PRE-SAINT-GERVAIS","A170",20000,2,"93",1
"14958",14958,93310,"LE PRE-SAINT-GERVAIS","A21",77850.4,7.78504,"93",10
"14959",14959,93310,"LE PRE-SAINT-GERVAIS","A27",295250,29.525,"93",4
"14960",14960,93310,"LE PRE-SAINT-GERVAIS","A47",205000,20.5,"93",4
"14961",14961,93310,"LE PRE-SAINT-GERVAIS","A92",153000,15.3,"93",2
"14962",14962,93310,"LE PRE-SAINT-GERVAIS","A94",131000,13.1,"93",2
"14963",14963,93310,"LE PRE-SAINT-GERVAIS","A95",215000,21.5,"93",3
"14964",14964,93310,"LE PRE-SAINT-GERVAIS","B115",520000,52,"93",2
"14965",14965,93310,"LE PRE-SAINT-GERVAIS","B140",4600000,460,"93",1
"14966",14966,93310,"LE PRE-SAINT-GERVAIS","B169",115000,11.5,"93",2
"14967",14967,93310,"LE PRE-SAINT-GERVAIS","B190",12000,1.2,"93",1
"14968",14968,93310,"LE PRE-SAINT-GERVAIS","B202",226000,22.6,"93",2
"14969",14969,93310,"LE PRE-SAINT-GERVAIS","B25",254000,25.4,"93",1
"14970",14970,93310,"LE PRE-SAINT-GERVAIS","B26",190333.333333333,19.0333333333333,"93",3
"14971",14971,93310,"LE PRE-SAINT-GERVAIS","B55",763700,76.37,"93",1
"14972",14972,93310,"LE PRE-SAINT-GERVAIS","B61",324500,32.45,"93",1
"14973",14973,93310,"LE PRE-SAINT-GERVAIS","B73",88000,8.8,"93",2
"14974",14974,93310,"LE PRE-SAINT-GERVAIS","B77",124000,12.4,"93",2
"14975",14975,93310,"LE PRE-SAINT-GERVAIS","B80",320600,32.06,"93",2
"14976",14976,93310,"LE PRE-SAINT-GERVAIS","C165",1650000,165,"93",4
"14977",14977,93310,"LE PRE-SAINT-GERVAIS","C166",540000,54,"93",3
"14978",14978,93310,"LE PRE-SAINT-GERVAIS","C174",135000,13.5,"93",2
"14979",14979,93310,"LE PRE-SAINT-GERVAIS","C200",65000,6.5,"93",2
"14980",14980,93310,"LE PRE-SAINT-GERVAIS","C208",453216.666666667,45.3216666666667,"93",3
"14981",14981,93310,"LE PRE-SAINT-GERVAIS","C25",445195,44.5195,"93",4
"14982",14982,93310,"LE PRE-SAINT-GERVAIS","C269",383530,38.353,"93",15
"14983",14983,93310,"LE PRE-SAINT-GERVAIS","C51",119000,11.9,"93",3
"14984",14984,93310,"LE PRE-SAINT-GERVAIS","C92",1346000,134.6,"93",1
"14985",14985,93310,"LE PRE-SAINT-GERVAIS","D10",680000,68,"93",3
"14986",14986,93310,"LE PRE-SAINT-GERVAIS","D130",112400,11.24,"93",5
"14987",14987,93310,"LE PRE-SAINT-GERVAIS","D135",19000,1.9,"93",1
"14988",14988,93310,"LE PRE-SAINT-GERVAIS","D146",471414.285714286,47.1414285714286,"93",7
"14989",14989,93310,"LE PRE-SAINT-GERVAIS","D46",106000,10.6,"93",2
"14990",14990,93310,"LE PRE-SAINT-GERVAIS","D9",472500,47.25,"93",4
"14991",14991,93310,"LE PRE-SAINT-GERVAIS","E12",120650,12.065,"93",2
"14992",14992,93310,"LE PRE-SAINT-GERVAIS","F278",650000,65,"93",1
"14993",14993,93310,"LE PRE-SAINT-GERVAIS","F281",217000,21.7,"93",2
"14994",14994,93310,"LE PRE-SAINT-GERVAIS","F53",178680,17.868,"93",5
"14995",14995,93310,"LE PRE-SAINT-GERVAIS","G45",231000,23.1,"93",4
"14996",14996,93310,"LE PRE-SAINT-GERVAIS","G84",3e+05,30,"93",2
"14997",14997,93310,"LE PRE-SAINT-GERVAIS","H12",10000,1,"93",1
"14998",14998,93310,"LE PRE-SAINT-GERVAIS","H221",215800,21.58,"93",5
"14999",14999,93310,"LE PRE-SAINT-GERVAIS","H222",133000,13.3,"93",4
"15000",15000,93310,"LE PRE-SAINT-GERVAIS","H37",50000,5,"93",2
"15001",15001,93310,"LE PRE-SAINT-GERVAIS","I130",244250,24.425,"93",2
"15002",15002,93310,"LE PRE-SAINT-GERVAIS","I166",590000,59,"93",2
"15003",15003,93310,"LE PRE-SAINT-GERVAIS","I172",397000,39.7,"93",3
"15004",15004,93310,"LE PRE-SAINT-GERVAIS","I248",444185.833333333,44.4185833333333,"93",24
"15005",15005,93310,"LE PRE-SAINT-GERVAIS","I285",741890,74.189,"93",4
"15006",15006,93310,"LE PRE-SAINT-GERVAIS","I96",2451359.30666667,245.135930666667,"93",15
"15007",15007,93310,"LE PRE-SAINT-GERVAIS","I97",1493400,149.34,"93",1
"15008",15008,93310,"LE PRE-SAINT-GERVAIS","I98",1493400,149.34,"93",1
"15009",15009,93310,"LE PRE-SAINT-GERVAIS","I99",5e+05,50,"93",1
"15010",15010,93700,"DRANCY","A152",335000,33.5,"93",1
"15011",15011,93700,"DRANCY","A174",248000,24.8,"93",1
"15012",15012,93700,"DRANCY","A72",61500,6.15,"93",2
"15013",15013,93700,"DRANCY","A95",50000,5,"93",3
"15014",15014,93700,"DRANCY","AB126",100500,10.05,"93",1
"15015",15015,93700,"DRANCY","AB5",11878592,1187.8592,"93",90
"15016",15016,93700,"DRANCY","AD174",150000,15,"93",2
"15017",15017,93700,"DRANCY","AE205",158000,15.8,"93",4
"15018",15018,93700,"DRANCY","AF128",134000,13.4,"93",1
"15019",15019,93700,"DRANCY","AF189",170000,17,"93",1
"15020",15020,93700,"DRANCY","AF204",340000,34,"93",3
"15021",15021,93700,"DRANCY","AF332",370000,37,"93",1
"15022",15022,93700,"DRANCY","AG134",405000,40.5,"93",1
"15023",15023,93700,"DRANCY","AG155",374185,37.4185,"93",2
"15024",15024,93700,"DRANCY","AG158",220000,22,"93",1
"15025",15025,93700,"DRANCY","AG184",162000,16.2,"93",2
"15026",15026,93700,"DRANCY","AG229",125666.666666667,12.5666666666667,"93",18
"15027",15027,93700,"DRANCY","AG230",178000,17.8,"93",2
"15028",15028,93700,"DRANCY","AG9",162000,16.2,"93",1
"15029",15029,93700,"DRANCY","AH80",203500,20.35,"93",1
"15030",15030,93700,"DRANCY","AH90",117100,11.71,"93",1
"15031",15031,93700,"DRANCY","AI158",255000,25.5,"93",2
"15032",15032,93700,"DRANCY","AI180",282000,28.2,"93",1
"15033",15033,93700,"DRANCY","AI222",395000,39.5,"93",2
"15034",15034,93700,"DRANCY","AI271",150000,15,"93",2
"15035",15035,93700,"DRANCY","AI41",350000,35,"93",1
"15036",15036,93700,"DRANCY","AI82",140000,14,"93",4
"15037",15037,93700,"DRANCY","AJ184",230000,23,"93",1
"15038",15038,93700,"DRANCY","AJ35",121000,12.1,"93",3
"15039",15039,93700,"DRANCY","AJ74",8155,0.8155,"93",1
"15040",15040,93700,"DRANCY","AK106",140000,14,"93",1
"15041",15041,93700,"DRANCY","AK110",1e+05,10,"93",2
"15042",15042,93700,"DRANCY","AK138",95000,9.5,"93",5
"15043",15043,93700,"DRANCY","AK151",332000,33.2,"93",1
"15044",15044,93700,"DRANCY","AK32",355500,35.55,"93",1
"15045",15045,93700,"DRANCY","AK7",119000,11.9,"93",2
"15046",15046,93700,"DRANCY","AL1",14000,1.4,"93",1
"15047",15047,93700,"DRANCY","AL100",117500,11.75,"93",4
"15048",15048,93700,"DRANCY","AL15",168500,16.85,"93",2
"15049",15049,93700,"DRANCY","AL27",170000,17,"93",1
"15050",15050,93700,"DRANCY","AL67",143885.45,14.388545,"93",4
"15051",15051,93700,"DRANCY","AM305",95000,9.5,"93",2
"15052",15052,93700,"DRANCY","AP129",240000,24,"93",2
"15053",15053,93700,"DRANCY","AP244",45000,4.5,"93",1
"15054",15054,93700,"DRANCY","AP92",160000,16,"93",1
"15055",15055,93700,"DRANCY","AQ28",125000,12.5,"93",3
"15056",15056,93700,"DRANCY","AQ47",245000,24.5,"93",1
"15057",15057,93700,"DRANCY","AR85",320000,32,"93",2
"15058",15058,93700,"DRANCY","AS104",275000,27.5,"93",1
"15059",15059,93700,"DRANCY","AS69",236009.105263158,23.6009105263158,"93",19
"15060",15060,93700,"DRANCY","AX126",368000,36.8,"93",1
"15061",15061,93700,"DRANCY","AX139",365000,36.5,"93",3
"15062",15062,93700,"DRANCY","AX175",580000,58,"93",1
"15063",15063,93700,"DRANCY","AY5",90000,9,"93",2
"15064",15064,93700,"DRANCY","AY97",285000,28.5,"93",1
"15065",15065,93700,"DRANCY","AZ129",253200,25.32,"93",2
"15066",15066,93700,"DRANCY","AZ161",1,1e-04,"93",1
"15067",15067,93700,"DRANCY","AZ162",1,1e-04,"93",1
"15068",15068,93700,"DRANCY","AZ34",280000,28,"93",2
"15069",15069,93700,"DRANCY","B128",130000,13,"93",1
"15070",15070,93700,"DRANCY","B48",2e+05,20,"93",3
"15071",15071,93700,"DRANCY","B72",240000,24,"93",2
"15072",15072,93700,"DRANCY","B80",342500,34.25,"93",1
"15073",15073,93700,"DRANCY","BC1",1570000,157,"93",1
"15074",15074,93700,"DRANCY","BC159",350000,35,"93",1
"15075",15075,93700,"DRANCY","BC2",330000,33,"93",7
"15076",15076,93700,"DRANCY","BC3",1570000,157,"93",1
"15077",15077,93700,"DRANCY","BF3",250000,25,"93",1
"15078",15078,93700,"DRANCY","BG102",205000,20.5,"93",3
"15079",15079,93700,"DRANCY","BG116",320000,32,"93",1
"15080",15080,93700,"DRANCY","BG196",275000,27.5,"93",1
"15081",15081,93700,"DRANCY","BG79",143000,14.3,"93",2
"15082",15082,93700,"DRANCY","BH102",280000,28,"93",2
"15083",15083,93700,"DRANCY","BH80",220000,22,"93",3
"15084",15084,93700,"DRANCY","BH95",302000,30.2,"93",2
"15085",15085,93700,"DRANCY","BI30",223369,22.3369,"93",2
"15086",15086,93700,"DRANCY","BJ66",305000,30.5,"93",1
"15087",15087,93700,"DRANCY","BK133",81000,8.1,"93",1
"15088",15088,93700,"DRANCY","BK16",2e+05,20,"93",3
"15089",15089,93700,"DRANCY","BK4",88000,8.8,"93",6
"15090",15090,93700,"DRANCY","BK48",213000,21.3,"93",2
"15091",15091,93700,"DRANCY","BK7",146000,14.6,"93",4
"15092",15092,93700,"DRANCY","BK8",205000,20.5,"93",4
"15093",15093,93700,"DRANCY","BK9",160000,16,"93",2
"15094",15094,93700,"DRANCY","BL115",20000,2,"93",2
"15095",15095,93700,"DRANCY","BL37",103750,10.375,"93",4
"15096",15096,93700,"DRANCY","BL56",675000,67.5,"93",6
"15097",15097,93700,"DRANCY","BL67",181000,18.1,"93",2
"15098",15098,93700,"DRANCY","BL79",211200,21.12,"93",5
"15099",15099,93700,"DRANCY","BL89",270000,27,"93",2
"15100",15100,93700,"DRANCY","BM10",93375,9.3375,"93",4
"15101",15101,93700,"DRANCY","BN124",335000,33.5,"93",1
"15102",15102,93700,"DRANCY","BN221",195000,19.5,"93",2
"15103",15103,93700,"DRANCY","BN25",37000,3.7,"93",3
"15104",15104,93700,"DRANCY","BN251",1,1e-04,"93",1
"15105",15105,93700,"DRANCY","BN252",1,1e-04,"93",1
"15106",15106,93700,"DRANCY","BN28",112000,11.2,"93",2
"15107",15107,93700,"DRANCY","BN55",580000,58,"93",1
"15108",15108,93700,"DRANCY","BN63",10000,1,"93",1
"15109",15109,93700,"DRANCY","BO119",169158.571428571,16.9158571428571,"93",7
"15110",15110,93700,"DRANCY","BO13",70000,7,"93",1
"15111",15111,93700,"DRANCY","BO141",103000,10.3,"93",1
"15112",15112,93700,"DRANCY","BO166",330000,33,"93",2
"15113",15113,93700,"DRANCY","BO224",490000,49,"93",1
"15114",15114,93700,"DRANCY","BO309",80000,8,"93",2
"15115",15115,93700,"DRANCY","BO72",143000,14.3,"93",5
"15116",15116,93700,"DRANCY","BP1",3983585.69438202,398.358569438202,"93",89
"15117",15117,93700,"DRANCY","BP139",221000,22.1,"93",2
"15118",15118,93700,"DRANCY","BP149",291750,29.175,"93",2
"15119",15119,93700,"DRANCY","BP202",20000,2,"93",1
"15120",15120,93700,"DRANCY","BP234",450000,45,"93",1
"15121",15121,93700,"DRANCY","BP242",177000,17.7,"93",2
"15122",15122,93700,"DRANCY","BP291",227000,22.7,"93",1
"15123",15123,93700,"DRANCY","BP57",450000,45,"93",4
"15124",15124,93700,"DRANCY","BP66",250000,25,"93",1
"15125",15125,93700,"DRANCY","BQ1",177000,17.7,"93",1
"15126",15126,93700,"DRANCY","BQ102",270000,27,"93",1
"15127",15127,93700,"DRANCY","BQ271",3250,0.325,"93",4
"15128",15128,93700,"DRANCY","BQ285",202000,20.2,"93",7
"15129",15129,93700,"DRANCY","BQ292",338000,33.8,"93",1
"15130",15130,93700,"DRANCY","BQ331",332000,33.2,"93",1
"15131",15131,93700,"DRANCY","BQ332",332000,33.2,"93",4
"15132",15132,93700,"DRANCY","BQ41",326000,32.6,"93",1
"15133",15133,93700,"DRANCY","BR236",115000,11.5,"93",2
"15134",15134,93700,"DRANCY","BR258",98000,9.8,"93",2
"15135",15135,93700,"DRANCY","BS253",273000,27.3,"93",1
"15136",15136,93700,"DRANCY","BS331",273000,27.3,"93",1
"15137",15137,93700,"DRANCY","BS86",286000,28.6,"93",1
"15138",15138,93700,"DRANCY","BT109",320000,32,"93",1
"15139",15139,93700,"DRANCY","BT125",115000,11.5,"93",1
"15140",15140,93700,"DRANCY","BT34",310000,31,"93",2
"15141",15141,93700,"DRANCY","BU2",230000,23,"93",1
"15142",15142,93700,"DRANCY","BV109",336000,33.6,"93",1
"15143",15143,93700,"DRANCY","BV4",280800,28.08,"93",1
"15144",15144,93700,"DRANCY","BV65",245000,24.5,"93",2
"15145",15145,93700,"DRANCY","BX201",420000,42,"93",2
"15146",15146,93700,"DRANCY","BY112",170142.857142857,17.0142857142857,"93",7
"15147",15147,93700,"DRANCY","BY48",199333.333333333,19.9333333333333,"93",6
"15148",15148,93700,"DRANCY","BZ111",97500,9.75,"93",4
"15149",15149,93700,"DRANCY","BZ12",130000,13,"93",1
"15150",15150,93700,"DRANCY","C181",3e+05,30,"93",2
"15151",15151,93700,"DRANCY","C203",243000,24.3,"93",2
"15152",15152,93700,"DRANCY","C237",225000,22.5,"93",1
"15153",15153,93700,"DRANCY","C249",399000,39.9,"93",1
"15154",15154,93700,"DRANCY","C55",202000,20.2,"93",1
"15155",15155,93700,"DRANCY","CD17",393000,39.3,"93",1
"15156",15156,93700,"DRANCY","CD48",150000,15,"93",2
"15157",15157,93700,"DRANCY","CD59",163147.1125,16.31471125,"93",8
"15158",15158,93700,"DRANCY","CD63",212000,21.2,"93",3
"15159",15159,93700,"DRANCY","CD74",195000,19.5,"93",2
"15160",15160,93700,"DRANCY","CD9",172000,17.2,"93",10
"15161",15161,93700,"DRANCY","CE30",116000,11.6,"93",4
"15162",15162,93700,"DRANCY","CE61",147000,14.7,"93",2
"15163",15163,93700,"DRANCY","CG50",39830,3.983,"93",2
"15164",15164,93700,"DRANCY","CG53",175000,17.5,"93",6
"15165",15165,93700,"DRANCY","CH65",382000,38.2,"93",1
"15166",15166,93700,"DRANCY","CH90",315000,31.5,"93",1
"15167",15167,93700,"DRANCY","CI76",310000,31,"93",1
"15168",15168,93700,"DRANCY","CJ125",65000,6.5,"93",2
"15169",15169,93700,"DRANCY","CJ167",334000,33.4,"93",1
"15170",15170,93700,"DRANCY","CJ169",3e+05,30,"93",2
"15171",15171,93700,"DRANCY","CJ248",150000,15,"93",1
"15172",15172,93700,"DRANCY","CJ251",150000,15,"93",1
"15173",15173,93700,"DRANCY","CK165",221000,22.1,"93",1
"15174",15174,93700,"DRANCY","CK212",55000,5.5,"93",2
"15175",15175,93700,"DRANCY","CK26",3e+05,30,"93",2
"15176",15176,93700,"DRANCY","CK55",135000,13.5,"93",1
"15177",15177,93700,"DRANCY","D106",167000,16.7,"93",5
"15178",15178,93700,"DRANCY","D107",105000,10.5,"93",1
"15179",15179,93700,"DRANCY","D17",89000,8.9,"93",2
"15180",15180,93700,"DRANCY","D22",115000,11.5,"93",1
"15181",15181,93700,"DRANCY","D97",3e+05,30,"93",2
"15182",15182,93700,"DRANCY","E30",272500,27.25,"93",2
"15183",15183,93700,"DRANCY","E32",178000,17.8,"93",3
"15184",15184,93700,"DRANCY","E49",340000,34,"93",3
"15185",15185,93700,"DRANCY","F112",214500,21.45,"93",3
"15186",15186,93700,"DRANCY","F45",370000,37,"93",3
"15187",15187,93700,"DRANCY","F67",312000,31.2,"93",1
"15188",15188,93700,"DRANCY","G130",216220,21.622,"93",2
"15189",15189,93700,"DRANCY","G61",210000,21,"93",3
"15190",15190,93700,"DRANCY","H276",228444.444444444,22.8444444444444,"93",9
"15191",15191,93700,"DRANCY","H32",260000,26,"93",2
"15192",15192,93700,"DRANCY","J20",213748.1,21.37481,"93",30
"15193",15193,93700,"DRANCY","K33",10000,1,"93",1
"15194",15194,93700,"DRANCY","K85",132500,13.25,"93",2
"15195",15195,93700,"DRANCY","L59",116000,11.6,"93",2
"15196",15196,93700,"DRANCY","N168",345000,34.5,"93",2
"15197",15197,93700,"DRANCY","N179",230000,23,"93",2
"15198",15198,93700,"DRANCY","N26",152000,15.2,"93",2
"15199",15199,93700,"DRANCY","O150",3e+05,30,"93",1
"15200",15200,93700,"DRANCY","O151",2e+05,20,"93",1
"15201",15201,93700,"DRANCY","O258",81500,8.15,"93",2
"15202",15202,93700,"DRANCY","P16",225000,22.5,"93",2
"15203",15203,93700,"DRANCY","P245",270000,27,"93",2
"15204",15204,93700,"DRANCY","Q136",140000,14,"93",3
"15205",15205,93700,"DRANCY","Q21",280000,28,"93",2
"15206",15206,93700,"DRANCY","Q36",141200,14.12,"93",1
"15207",15207,93700,"DRANCY","Q94",256000,25.6,"93",1
"15208",15208,93700,"DRANCY","R88",124600,12.46,"93",5
"15209",15209,93700,"DRANCY","S14",338500,33.85,"93",3
"15210",15210,93700,"DRANCY","S19",279000,27.9,"93",2
"15211",15211,93700,"DRANCY","S236",360000,36,"93",1
"15212",15212,93700,"DRANCY","S253",352000,35.2,"93",1
"15213",15213,93700,"DRANCY","S269",352000,35.2,"93",1
"15214",15214,93700,"DRANCY","S35",432500,43.25,"93",1
"15215",15215,93700,"DRANCY","S92",330000,33,"93",2
"15216",15216,93700,"DRANCY","T124",225450,22.545,"93",12
"15217",15217,93700,"DRANCY","U222",170000,17,"93",1
"15218",15218,93700,"DRANCY","U267",95000,9.5,"93",2
"15219",15219,93700,"DRANCY","V108",315000,31.5,"93",3
"15220",15220,93700,"DRANCY","V39",170000,17,"93",2
"15221",15221,93700,"DRANCY","Y109",350000,35,"93",2
"15222",15222,93700,"DRANCY","Y144",320000,32,"93",2
"15223",15223,93700,"DRANCY","Z1",131000,13.1,"93",2
"15224",15224,93700,"DRANCY","Z128",203500,20.35,"93",6
"15225",15225,93700,"DRANCY","Z130",226000,22.6,"93",2
"15226",15226,93700,"DRANCY","Z132",227117.2,22.71172,"93",5
"15227",15227,93700,"DRANCY","Z206",250000,25,"93",1
"15228",15228,93700,"DRANCY","Z45",120000,12,"93",3
"15229",15229,93700,"DRANCY","Z98",225200,22.52,"93",5
"15230",15230,93800,"EPINAY SUR SEINE","A23",102000,10.2,"93",3
"15231",15231,93800,"EPINAY SUR SEINE","A49",240000,24,"93",4
"15232",15232,93800,"EPINAY SUR SEINE","A95",175000,17.5,"93",3
"15233",15233,93800,"EPINAY SUR SEINE","A97",206000,20.6,"93",3
"15234",15234,93800,"EPINAY SUR SEINE","AB105",159600,15.96,"93",1
"15235",15235,93800,"EPINAY SUR SEINE","AD127",505000,50.5,"93",2
"15236",15236,93800,"EPINAY SUR SEINE","AD2",250000,25,"93",2
"15237",15237,93800,"EPINAY SUR SEINE","AD202",16420,1.642,"93",1
"15238",15238,93800,"EPINAY SUR SEINE","AD203",18580.25,1.858025,"93",1
"15239",15239,93800,"EPINAY SUR SEINE","AE120",215000,21.5,"93",4
"15240",15240,93800,"EPINAY SUR SEINE","AE63",490000,49,"93",10
"15241",15241,93800,"EPINAY SUR SEINE","AE84",160000,16,"93",2
"15242",15242,93800,"EPINAY SUR SEINE","AG67",260000,26,"93",1
"15243",15243,93800,"EPINAY SUR SEINE","AG74",247571.428571429,24.7571428571429,"93",7
"15244",15244,93800,"EPINAY SUR SEINE","AH57",163000,16.3,"93",2
"15245",15245,93800,"EPINAY SUR SEINE","AH71",138550,13.855,"93",2
"15246",15246,93800,"EPINAY SUR SEINE","AH74",162000,16.2,"93",3
"15247",15247,93800,"EPINAY SUR SEINE","AI138",27000,2.7,"93",3
"15248",15248,93800,"EPINAY SUR SEINE","AI158",240000,24,"93",3
"15249",15249,93800,"EPINAY SUR SEINE","AI44",116000,11.6,"93",4
"15250",15250,93800,"EPINAY SUR SEINE","AJ138",201000,20.1,"93",2
"15251",15251,93800,"EPINAY SUR SEINE","AJ29",320000,32,"93",1
"15252",15252,93800,"EPINAY SUR SEINE","AJ41",280000,28,"93",1
"15253",15253,93800,"EPINAY SUR SEINE","AK10",235000,23.5,"93",2
"15254",15254,93800,"EPINAY SUR SEINE","AK12",120000,12,"93",2
"15255",15255,93800,"EPINAY SUR SEINE","AK14",34500,3.45,"93",2
"15256",15256,93800,"EPINAY SUR SEINE","AK149",176500,17.65,"93",2
"15257",15257,93800,"EPINAY SUR SEINE","AK166",110000,11,"93",3
"15258",15258,93800,"EPINAY SUR SEINE","AK40",112000,11.2,"93",2
"15259",15259,93800,"EPINAY SUR SEINE","AK63",297000,29.7,"93",1
"15260",15260,93800,"EPINAY SUR SEINE","AK68",115040,11.504,"93",2
"15261",15261,93800,"EPINAY SUR SEINE","AK72",87000,8.7,"93",2
"15262",15262,93800,"EPINAY SUR SEINE","AK75",245600,24.56,"93",1
"15263",15263,93800,"EPINAY SUR SEINE","AL129",80000,8,"93",2
"15264",15264,93800,"EPINAY SUR SEINE","AL160",279730,27.973,"93",1
"15265",15265,93800,"EPINAY SUR SEINE","AL161",370000,37,"93",1
"15266",15266,93800,"EPINAY SUR SEINE","AL3",186500,18.65,"93",3
"15267",15267,93800,"EPINAY SUR SEINE","AL7",85000,8.5,"93",2
"15268",15268,93800,"EPINAY SUR SEINE","AL92",85000,8.5,"93",3
"15269",15269,93800,"EPINAY SUR SEINE","AP100",139500,13.95,"93",4
"15270",15270,93800,"EPINAY SUR SEINE","AP73",80000,8,"93",4
"15271",15271,93800,"EPINAY SUR SEINE","AP83",90000,9,"93",2
"15272",15272,93800,"EPINAY SUR SEINE","AQ175",225000,22.5,"93",2
"15273",15273,93800,"EPINAY SUR SEINE","AQ301",163000,16.3,"93",2
"15274",15274,93800,"EPINAY SUR SEINE","AQ311",221000,22.1,"93",1
"15275",15275,93800,"EPINAY SUR SEINE","AQ378",390000,39,"93",5
"15276",15276,93800,"EPINAY SUR SEINE","AQ415",238099.7375,23.80997375,"93",8
"15277",15277,93800,"EPINAY SUR SEINE","AQ61",257800,25.78,"93",3
"15278",15278,93800,"EPINAY SUR SEINE","AR105",115000,11.5,"93",3
"15279",15279,93800,"EPINAY SUR SEINE","AR110",130000,13,"93",2
"15280",15280,93800,"EPINAY SUR SEINE","AR135",147000,14.7,"93",2
"15281",15281,93800,"EPINAY SUR SEINE","AR142",115800,11.58,"93",5
"15282",15282,93800,"EPINAY SUR SEINE","AS103",133600,13.36,"93",5
"15283",15283,93800,"EPINAY SUR SEINE","AS120",139250,13.925,"93",6
"15284",15284,93800,"EPINAY SUR SEINE","AS20",525000,52.5,"93",1
"15285",15285,93800,"EPINAY SUR SEINE","AS50",250000,25,"93",2
"15286",15286,93800,"EPINAY SUR SEINE","AT129",235000,23.5,"93",1
"15287",15287,93800,"EPINAY SUR SEINE","AT161",85000,8.5,"93",2
"15288",15288,93800,"EPINAY SUR SEINE","AT54",333000,33.3,"93",2
"15289",15289,93800,"EPINAY SUR SEINE","AU110",161340,16.134,"93",25
"15290",15290,93800,"EPINAY SUR SEINE","AU118",155000,15.5,"93",2
"15291",15291,93800,"EPINAY SUR SEINE","AU31",40000,4,"93",4
"15292",15292,93800,"EPINAY SUR SEINE","AU62",330000,33,"93",1
"15293",15293,93800,"EPINAY SUR SEINE","AV94",156200,15.62,"93",2
"15294",15294,93800,"EPINAY SUR SEINE","AY149",198575,19.8575,"93",8
"15295",15295,93800,"EPINAY SUR SEINE","B130",2e+05,20,"93",1
"15296",15296,93800,"EPINAY SUR SEINE","B131",87000,8.7,"93",3
"15297",15297,93800,"EPINAY SUR SEINE","B132",175200,17.52,"93",5
"15298",15298,93800,"EPINAY SUR SEINE","B27",185538.5,18.55385,"93",4
"15299",15299,93800,"EPINAY SUR SEINE","B96",165000,16.5,"93",2
"15300",15300,93800,"EPINAY SUR SEINE","BD180",75000,7.5,"93",2
"15301",15301,93800,"EPINAY SUR SEINE","BD19",140000,14,"93",1
"15302",15302,93800,"EPINAY SUR SEINE","BD48",219800,21.98,"93",2
"15303",15303,93800,"EPINAY SUR SEINE","BD84",250000,25,"93",8
"15304",15304,93800,"EPINAY SUR SEINE","BE183",350000,35,"93",1
"15305",15305,93800,"EPINAY SUR SEINE","BE38",140000,14,"93",1
"15306",15306,93800,"EPINAY SUR SEINE","BE4",350000,35,"93",2
"15307",15307,93800,"EPINAY SUR SEINE","BF129",150000,15,"93",2
"15308",15308,93800,"EPINAY SUR SEINE","BF156",280000,28,"93",4
"15309",15309,93800,"EPINAY SUR SEINE","C193",91500,9.15,"93",4
"15310",15310,93800,"EPINAY SUR SEINE","C211",120857.142857143,12.0857142857143,"93",7
"15311",15311,93800,"EPINAY SUR SEINE","C212",142000,14.2,"93",2
"15312",15312,93800,"EPINAY SUR SEINE","C219",235000,23.5,"93",6
"15313",15313,93800,"EPINAY SUR SEINE","C228",157500,15.75,"93",4
"15314",15314,93800,"EPINAY SUR SEINE","C9",313400,31.34,"93",2
"15315",15315,93800,"EPINAY SUR SEINE","D167",475000,47.5,"93",1
"15316",15316,93800,"EPINAY SUR SEINE","D223",10950,1.095,"93",2
"15317",15317,93800,"EPINAY SUR SEINE","D227",150000,15,"93",2
"15318",15318,93800,"EPINAY SUR SEINE","D244",620000,62,"93",1
"15319",15319,93800,"EPINAY SUR SEINE","D245",620000,62,"93",1
"15320",15320,93800,"EPINAY SUR SEINE","D247",620000,62,"93",1
"15321",15321,93800,"EPINAY SUR SEINE","D260",620000,62,"93",1
"15322",15322,93800,"EPINAY SUR SEINE","E140",591550,59.155,"93",2
"15323",15323,93800,"EPINAY SUR SEINE","E146",560000,56,"93",2
"15324",15324,93800,"EPINAY SUR SEINE","E211",180500,18.05,"93",4
"15325",15325,93800,"EPINAY SUR SEINE","E213",249000,24.9,"93",4
"15326",15326,93800,"EPINAY SUR SEINE","F134",149452.222222222,14.9452222222222,"93",9
"15327",15327,93800,"EPINAY SUR SEINE","F22",349850,34.985,"93",1
"15328",15328,93800,"EPINAY SUR SEINE","G1",109000,10.9,"93",2
"15329",15329,93800,"EPINAY SUR SEINE","H103",46666.6666666667,4.66666666666667,"93",3
"15330",15330,93800,"EPINAY SUR SEINE","H104",160333.333333333,16.0333333333333,"93",9
"15331",15331,93800,"EPINAY SUR SEINE","H105",136760,13.676,"93",5
"15332",15332,93800,"EPINAY SUR SEINE","H77",160555.555555556,16.0555555555556,"93",27
"15333",15333,93800,"EPINAY SUR SEINE","H79",225475,22.5475,"93",4
"15334",15334,93800,"EPINAY SUR SEINE","I181",203500,20.35,"93",4
"15335",15335,93800,"EPINAY SUR SEINE","I90",139957.142857143,13.9957142857143,"93",7
"15336",15336,93800,"EPINAY SUR SEINE","J150",180000,18,"93",3
"15337",15337,93800,"EPINAY SUR SEINE","J151",148000,14.8,"93",2
"15338",15338,93800,"EPINAY SUR SEINE","J82",146262.631578947,14.6262631578947,"93",19
"15339",15339,93800,"EPINAY SUR SEINE","J91",139230,13.923,"93",2
"15340",15340,93800,"EPINAY SUR SEINE","J95",260711,26.0711,"93",6
"15341",15341,93800,"EPINAY SUR SEINE","J96",223140.666666667,22.3140666666667,"93",3
"15342",15342,93800,"EPINAY SUR SEINE","L153",162000,16.2,"93",3
"15343",15343,93800,"EPINAY SUR SEINE","L174",100800,10.08,"93",5
"15344",15344,93800,"EPINAY SUR SEINE","L215",376800,37.68,"93",2
"15345",15345,93800,"EPINAY SUR SEINE","M5",130000,13,"93",4
"15346",15346,93800,"EPINAY SUR SEINE","N200",126000,12.6,"93",6
"15347",15347,93800,"EPINAY SUR SEINE","N201",145000,14.5,"93",2
"15348",15348,93800,"EPINAY SUR SEINE","O306",6400,0.64,"93",1
"15349",15349,93800,"EPINAY SUR SEINE","O330",280000,28,"93",2
"15350",15350,93800,"EPINAY SUR SEINE","O344",143975,14.3975,"93",6
"15351",15351,93800,"EPINAY SUR SEINE","Q23",110000,11,"93",1
"15352",15352,93800,"EPINAY SUR SEINE","R211",238494.444444444,23.8494444444444,"93",18
"15353",15353,93800,"EPINAY SUR SEINE","S133",183500,18.35,"93",4
"15354",15354,93800,"EPINAY SUR SEINE","S9",208000,20.8,"93",2
"15355",15355,93800,"EPINAY SUR SEINE","V91",277000,27.7,"93",2
"15356",15356,93800,"EPINAY SUR SEINE","X210",83600,8.36,"93",5
"15357",15357,93800,"EPINAY SUR SEINE","Y125",2e+05,20,"93",2
"15358",15358,93800,"EPINAY SUR SEINE","Z356",110000,11,"93",2
